69	72	69	47	69	22
65	94	15	77	50	16
63	11	18	95	92	73
96	27	42	14	21	73
90	20	8	11	45	32
97	50	63	30	69	19
1	98	97	48	98	21
72	18	83	21	24	75
42	52	33	23	62	64
4	82	6	93	30	59
29	23	53	14	55	64
49	72	66	57	1	73
50	60	60	60	60	50
23	32	70	40	69	59
52	93	80	96	59	36
62	79	57	40	7	46
4	96	69	34	42	79
19	13	94	14	47	88
66	46	96	69	76	99
41	45	28	34	47	20
54	54	96	62	71	56
17	46	38	57	95	30
87	75	56	42	30	85
43	62	20	63	80	94
90	9	12	65	63	11
23	88	42	15	45	52
75	38	34	10	5	35
24	50	18	32	92	77
56	53	47	23	10	56
95	57	94	82	81	81
70	72	27	60	65	99
33	7	85	86	77	52
49	100	76	87	30	43
10	70	20	66	83	74
86	62	57	92	61	45
82	42	36	84	39	23
19	100	49	97	85	48
98	34	28	93	94	93
13	38	20	11	42	57
37	25	72	18	4	1
75	29	22	89	29	31
57	66	94	80	6	87
84	9	87	64	92	77
27	60	2	87	87	68
58	45	28	62	80	48
92	64	21	61	48	73
6	4	33	90	75	69
100	44	65	66	68	83
35	65	26	88	14	25
83	24	19	9	35	72
99	40	50	86	13	81
23	15	38	22	92	86
7	2	54	15	47	81
60	95	43	73	32	57
68	11	60	2	5	80
75	79	72	47	42	25
84	24	93	37	54	41
79	29	52	92	36	15
58	87	11	56	47	1
94	84	82	55	79	5
22	28	80	27	3	68
13	75	32	43	46	52
54	53	50	54	8	54
35	83	3	86	19	57
88	90	51	25	50	58
9	60	17	99	48	30
97	21	34	7	68	56
60	14	54	5	47	83
62	34	33	48	28	74
14	93	10	50	62	61
91	21	20	70	77	2
45	50	7	77	80	31
73	7	57	50	89	100
26	43	48	65	73	86
17	59	65	83	91	4
26	98	30	81	18	66
26	14	63	26	14	88
33	53	53	18	93	57
28	57	28	49	56	10
11	37	68	30	67	100
15	45	30	30	84	18
27	47	20	50	48	85
96	100	10	42	69	42
39	56	55	56	46	7
31	21	29	4	45	19
71	36	82	16	23	6
47	3	56	100	42	96
22	4	61	13	44	32
66	99	58	22	64	90
59	45	40	31	74	81
36	98	40	36	14	12
1	72	4	72	48	7
48	35	23	63	18	57
45	91	88	76	53	19
95	23	63	36	15	32
81	15	34	36	13	28
64	8	61	44	49	37
2	24	45	60	21	63
2	15	90	80	61	93
27	11	8	76	84	75
19	97	91	67	35	32
35	58	3	84	85	38
60	25	46	12	48	28
33	52	34	21	86	1
18	81	88	76	54	70
20	23	49	23	100	95
96	34	71	85	50	88
53	49	54	78	64	15
47	37	24	39	29	11
87	87	25	98	70	83
57	19	86	82	91	55
27	13	46	14	100	26
77	67	13	49	81	87
60	12	30	11	36	22
31	42	60	47	77	10
37	97	21	55	86	13
98	98	97	21	22	41
26	29	3	76	50	43
42	98	19	22	56	76
64	73	20	31	37	29
69	48	69	9	72	39
70	24	37	4	91	19
43	72	95	45	36	97
10	25	90	96	89	41
38	31	32	78	2	96
52	16	96	20	22	75
82	22	30	65	27	9
39	70	46	36	69	5
30	96	27	6	36	44
66	73	92	31	73	3
54	64	63	34	84	2
98	72	75	9	47	82
22	6	23	58	7	70
85	27	13	10	23	17
56	19	77	79	89	4
63	47	94	6	72	69
40	70	86	35	74	57
71	85	68	41	69	17
99	85	34	31	65	61
65	20	48	88	1	84
29	81	80	9	46	32
70	46	5	30	31	15
86	30	12	45	96	65
7	22	97	87	44	13
60	24	86	53	44	44
38	5	29	13	73	82
49	11	80	2	12	64
21	39	28	80	61	49
67	40	32	94	16	22
19	47	93	17	22	30
55	11	22	66	74	3
81	7	11	88	78	9
94	78	84	1	2	60
3	78	58	15	48	63
7	49	14	12	26	62
83	7	96	35	90	57
27	23	81	33	48	65
25	11	5	84	82	79
40	42	52	41	10	12
87	67	85	73	29	21
4	61	92	91	5	7
51	26	39	25	34	40
76	50	56	9	16	70
42	39	83	6	90	14
97	78	46	82	67	31
31	92	63	63	6	41
3	77	95	95	7	24
26	73	58	6	84	32
80	38	12	62	89	77
100	43	10	49	46	80
98	98	57	95	97	73
80	27	94	40	3	52
26	27	62	59	38	70
94	56	60	69	48	99
49	30	98	8	51	20
58	29	21	49	94	42
9	29	89	10	56	61
25	97	15	86	31	15
61	99	70	46	95	43
87	57	36	91	65	70
68	41	100	25	23	59
25	91	68	91	41	60
72	69	63	16	1	12
39	100	91	37	21	97
35	20	76	63	70	97
99	15	37	11	63	70
59	41	6	92	55	3
22	15	69	83	83	56
57	44	35	68	56	19
22	58	34	73	10	50
89	8	62	7	26	28
81	68	4	68	5	13
34	40	35	86	85	96
73	91	79	97	50	52
32	13	77	86	7	37
94	39	1	29	1	23
20	23	38	65	55	87
70	71	24	30	53	82
62	9	3	34	89	84
78	2	32	11	24	21
20	85	84	84	68	35
100	37	87	70	90	18
87	47	52	3	75	85
20	66	64	53	95	85
90	100	12	53	47	99
5	24	92	92	23	39
18	47	68	100	9	56
57	41	46	95	74	9
2	35	14	98	7	7
55	91	58	18	66	39
39	46	51	94	29	28
87	98	42	35	41	95
83	35	29	81	8	46
44	97	82	62	33	75
2	5	9	61	34	48
55	42	15	57	29	55
30	90	1	27	75	34
7	83	2	64	15	32
70	26	65	93	42	74
50	48	82	15	90	67
45	51	19	7	31	48
50	70	51	100	49	41
58	34	92	40	6	4
68	62	4	60	66	38
94	98	29	11	63	47
60	98	47	49	85	72
28	14	20	18	93	44
93	77	56	85	44	62
62	33	61	47	60	2
80	12	39	39	49	10
94	80	16	93	33	60
91	80	93	67	44	15
34	12	45	56	94	13
16	25	87	34	9	86
40	24	27	38	53	100
57	33	81	19	72	35
96	19	45	81	25	26
49	98	60	87	10	5
67	24	75	57	78	71
55	41	71	32	54	22
22	25	52	8	41	23
2	48	91	26	96	52
78	21	62	72	100	16
78	41	86	27	90	20
80	22	29	40	92	65
99	55	49	58	77	66
15	77	36	99	81	35
52	27	33	18	10	9
29	73	73	14	73	66
66	71	61	96	30	85
62	13	82	92	71	32
22	93	51	23	31	38
75	81	1	1	42	2
59	78	86	59	9	35
5	60	13	18	73	87
14	97	89	35	15	55
61	30	48	17	3	39
85	23	62	22	58	77
16	89	88	37	53	89
70	73	3	12	70	77
47	48	63	76	24	39
58	11	42	52	78	72
17	76	82	12	58	11
52	25	3	48	91	97
59	3	89	56	37	90
5	35	17	20	98	60
32	96	63	59	49	58
52	71	75	23	38	93
23	60	40	98	49	96
86	28	47	19	62	82
7	59	100	42	99	40
42	22	13	58	93	23
70	78	24	10	32	22
76	25	26	90	31	85
6	85	85	39	38	70
49	46	86	23	82	15
81	88	69	90	55	23
56	23	78	88	30	99
13	1	13	17	42	65
39	35	71	1	29	87
40	13	15	94	83	71
21	12	43	60	4	29
22	82	53	34	9	15
21	35	41	82	13	12
29	12	7	38	41	26
72	50	34	91	100	81
36	77	56	79	58	97
28	12	8	43	2	46
71	18	6	70	24	29
2	23	31	23	18	5
57	88	56	87	20	81
35	6	31	93	38	48
45	49	41	41	40	93
44	14	33	9	32	32
81	41	34	42	64	41
86	69	37	67	65	95
62	50	7	89	54	80
93	93	84	28	19	29
84	35	46	35	38	65
11	57	85	58	68	95
16	81	28	92	33	27
79	31	86	79	97	63
100	17	83	28	61	8
57	10	56	38	21	36
83	90	60	96	67	81
7	28	77	33	82	51
20	57	91	71	81	3
12	9	37	29	67	54
49	19	76	34	67	69
57	62	56	91	82	2
81	41	86	7	59	56
68	62	38	73	30	3
37	54	80	91	65	72
83	83	21	71	91	13
16	8	49	84	100	90
70	41	67	21	46	90
43	93	82	32	43	21
19	60	72	71	15	5
34	49	53	73	32	22
92	80	96	93	5	5
62	36	58	90	65	67
51	44	15	25	81	3
66	56	42	38	46	85
56	26	61	26	37	33
79	99	82	3	76	50
65	93	81	36	89	64
25	63	10	24	24	27
46	73	52	67	100	17
50	7	9	24	95	8
77	13	66	31	33	31
7	100	80	43	80	11
75	85	54	12	69	95
38	48	77	49	21	70
39	51	71	60	47	74
52	29	56	41	38	17
60	75	39	15	6	83
7	37	16	27	56	74
36	4	44	99	41	85
66	87	13	51	21	11
10	22	54	78	51	51
2	75	10	55	94	94
14	45	41	75	47	96
57	59	68	44	42	11
17	12	82	15	69	43
92	67	89	68	74	60
68	4	20	31	1	72
36	73	43	74	72	18
29	90	2	15	30	73
86	50	85	99	76	74
74	56	26	42	37	69
21	17	64	34	11	28
99	21	15	41	8	80
69	100	71	55	70	89
82	84	57	80	32	94
50	35	44	58	14	17
40	79	2	100	5	42
77	65	49	90	81	17
72	80	65	96	42	5
91	6	67	75	96	8
44	50	97	24	69	60
9	17	65	66	80	20
24	53	98	74	19	88
6	28	48	12	81	42
23	48	7	64	22	35
55	78	43	7	67	83
35	45	72	73	53	27
4	100	84	31	8	48
30	81	36	97	60	56
66	13	19	32	62	60
59	55	51	16	72	39
100	27	96	53	14	68
70	8	53	23	71	72
4	98	98	31	73	77
78	77	16	44	71	48
33	29	7	64	64	77
4	41	80	4	8	94
47	13	19	68	60	93
71	95	52	20	22	51
1	52	56	36	70	26
2	74	73	88	56	82
79	42	42	100	45	41
11	81	57	51	45	67
4	64	33	98	42	81
63	96	12	18	65	94
52	83	51	61	27	67
51	45	17	91	59	5
84	49	83	15	77	92
98	68	96	40	21	34
10	32	30	68	95	95
3	75	12	93	25	97
76	18	53	15	75	23
25	6	1	96	24	15
48	19	67	78	2	18
2	67	81	74	29	24
42	1	98	17	40	78
32	81	9	1	8	65
88	51	54	73	56	69
48	16	40	62	78	64
10	38	19	29	2	19
60	56	11	91	46	39
39	89	46	50	96	85
40	23	82	69	15	61
57	97	19	80	27	49
98	23	83	55	64	95
76	50	17	17	24	89
84	71	32	58	92	95
95	42	2	70	54	83
95	29	33	7	62	8
15	66	86	77	86	22
44	49	98	88	87	34
23	30	52	8	62	71
32	5	71	88	18	88
45	68	24	51	85	54
40	9	6	60	92	14
47	11	84	64	74	34
54	81	37	23	50	23
5	90	94	45	96	1
76	68	63	10	45	26
60	40	28	22	15	59
17	86	23	41	22	43
70	30	19	7	81	12
88	41	84	86	2	63
19	55	87	79	41	26
57	80	79	86	71	55
97	34	88	6	54	39
20	30	43	32	48	19
18	55	95	1	71	26
17	70	29	29	10	100
85	10	39	41	47	31
32	73	58	42	5	16
97	86	2	6	14	1
60	42	41	4	87	64
10	72	79	7	58	2
79	85	62	99	21	73
6	92	48	100	37	53
2	83	13	38	7	89
3	59	29	62	17	95
85	76	82	85	22	85
93	59	60	79	81	38
84	61	6	64	32	87
13	39	91	23	90	35
93	18	16	86	8	62
21	83	94	96	30	45
59	67	12	66	12	41
94	92	10	84	30	40
95	17	65	82	18	25
63	58	16	97	17	49
76	66	98	66	69	24
75	57	37	74	90	37
14	95	7	55	94	2
61	26	60	92	57	36
80	91	56	51	45	90
99	60	3	40	49	85
25	14	49	57	35	38
89	83	21	39	16	87
42	7	21	46	22	17
28	57	72	31	87	8
20	78	93	31	9	82
4	46	5	56	85	23
74	94	65	48	19	91
23	59	56	94	25	22
31	42	13	5	90	58
69	38	43	32	37	59
28	15	49	34	80	86
58	91	48	17	62	53
10	100	85	86	84	23
45	71	14	6	88	48
66	68	57	85	55	60
94	76	86	15	23	95
94	74	98	46	54	84
57	5	41	20	60	15
3	85	54	88	31	99
85	9	9	22	60	89
85	1	62	82	46	56
79	28	96	74	33	38
75	77	1	2	99	28
90	42	18	30	24	37
72	9	36	24	68	17
53	64	5	19	34	66
6	95	75	4	6	20
47	60	27	81	23	23
51	18	91	68	12	30
12	8	73	30	56	64
44	92	13	35	14	20
35	24	31	48	65	70
27	63	51	83	65	53
8	72	61	21	65	75
43	23	64	40	67	39
73	75	59	31	27	91
78	53	95	38	26	68
92	55	43	36	25	72
66	75	2	54	69	100
63	20	9	63	88	89
45	86	62	73	33	27
100	42	37	88	13	36
4	42	8	89	49	30
8	47	86	34	54	51
89	67	26	93	39	64
48	99	3	40	27	38
73	40	13	67	17	61
48	14	24	8	5	74
71	55	46	90	5	57
92	17	79	10	57	34
90	58	78	44	53	47
11	61	11	60	21	51
67	60	75	40	89	58
77	5	48	54	80	18
44	39	65	65	12	73
88	22	11	66	23	93
29	90	58	13	29	88
29	15	76	63	49	90
68	49	8	84	97	89
21	83	34	24	41	80
83	7	99	79	96	48
30	4	55	22	86	7
47	5	87	46	79	89
24	68	8	65	39	66
97	12	24	47	63	7
42	47	42	48	90	67
84	25	63	74	41	41
64	40	85	67	11	64
62	81	56	45	100	24
44	42	79	52	95	4
36	33	64	65	65	45
44	86	99	78	79	3
34	59	1	10	56	42
17	10	23	75	75	94
20	38	95	9	44	60
74	12	56	81	74	10
78	79	98	94	51	33
3	63	10	39	61	64
45	17	99	18	37	61
24	25	9	67	39	37
24	99	79	30	72	22
9	32	32	68	45	92
84	49	87	66	14	94
69	6	17	82	14	21
76	62	39	8	56	37
37	52	8	24	42	37
55	78	42	45	11	84
80	90	77	28	31	55
87	78	38	17	91	68
79	42	70	63	88	89
70	55	16	26	95	9
64	23	86	67	51	93
16	56	50	57	92	97
32	40	94	24	61	61
90	63	24	84	88	86
21	94	66	50	85	49
97	20	46	70	37	19
23	45	75	22	95	51
30	69	84	92	56	4
87	27	23	39	22	1
90	88	63	31	46	77
83	32	92	7	41	29
69	61	80	69	18	83
22	84	69	21	37	44
45	54	11	73	20	88
18	84	44	89	82	78
30	25	98	55	50	22
97	52	51	51	88	53
89	57	33	73	29	73
91	55	58	38	5	46
45	96	33	7	88	17
54	83	17	78	51	55
10	80	98	59	39	11
53	23	45	79	64	96
74	43	28	7	5	46
25	14	80	71	3	80
87	63	26	9	34	79
79	40	44	46	40	5
36	28	49	82	45	33
23	79	12	61	51	18
32	95	70	98	27	3
43	64	29	2	40	38
87	6	84	49	60	42
47	34	7	44	22	90
73	14	74	11	19	18
22	55	45	10	93	29
50	56	78	16	52	70
55	13	3	73	81	91
9	73	79	88	59	8
86	46	37	91	98	50
49	54	19	84	100	62
80	39	8	18	85	36
29	62	49	25	55	94
64	52	98	37	3	66
12	52	71	2	97	5
47	42	4	81	70	39
11	4	11	71	20	71
97	12	78	61	44	48
75	54	61	7	84	26
98	94	17	78	72	19
35	82	9	43	39	42
23	38	21	95	74	88
100	53	27	79	72	2
16	40	89	53	55	80
34	31	67	82	38	46
22	56	23	44	33	98
72	53	20	8	84	22
18	59	82	91	5	66
95	14	59	93	20	15
12	38	67	50	49	44
65	68	29	70	58	45
3	12	70	49	33	4
8	63	95	99	13	86
55	69	38	47	51	19
49	36	37	78	88	59
88	56	12	87	50	62
18	32	74	21	41	79
22	40	78	44	3	37
56	41	52	41	17	79
58	47	12	94	76	96
100	1	27	72	28	18
49	12	85	30	62	58
54	16	99	1	24	24
65	93	39	82	72	92
59	20	75	56	71	59
77	32	32	52	73	8
45	49	48	78	11	81
96	86	70	50	33	36
80	22	88	80	81	65
83	38	30	22	36	84
18	90	96	61	22	66
61	23	34	58	75	57
92	56	76	66	67	54
24	78	27	26	48	50
96	26	46	31	42	77
62	68	19	36	53	70
92	81	43	27	97	58
21	46	94	28	85	73
61	73	55	77	30	12
4	32	58	36	41	60
22	48	77	93	30	10
48	60	89	11	65	8
71	84	74	73	10	15
86	99	54	25	72	53
93	94	16	79	91	49
42	94	7	76	74	83
87	100	91	77	20	47
94	81	66	47	33	7
33	17	20	76	71	53
4	81	49	7	37	2
43	75	69	10	30	58
89	15	27	57	100	99
50	2	87	8	90	83
41	77	85	2	6	51
22	50	30	44	5	38
80	83	29	11	54	43
35	30	96	50	36	13
14	14	40	69	89	96
49	12	39	6	17	2
82	11	6	83	93	33
95	78	77	5	11	76
93	61	77	27	99	91
53	73	67	28	94	44
21	16	48	19	13	61
79	22	40	81	55	49
26	73	27	68	91	68
43	50	37	66	98	63
44	40	33	2	4	60
29	12	22	44	51	22
55	80	94	98	75	40
18	33	49	15	44	55
77	17	87	36	44	98
45	62	32	17	36	72
30	28	64	8	40	80
73	78	4	34	50	42
12	79	29	46	66	3
52	88	30	22	83	98
18	96	81	6	41	81
76	59	82	51	86	30
72	48	60	18	11	24
13	97	40	66	67	88
2	17	62	50	44	93
52	93	26	81	80	2
61	53	24	92	100	65
14	5	52	20	94	51
52	22	19	64	59	25
72	14	81	42	10	18
66	55	75	93	29	1
73	15	64	27	57	2
47	45	8	6	43	24
81	62	31	15	84	46
91	41	60	30	32	84
63	78	2	4	42	34
35	31	84	100	67	67
77	89	98	7	16	25
58	30	37	66	87	84
78	67	31	6	97	64
4	33	36	81	3	43
68	74	90	18	55	96
2	46	46	87	45	99
46	81	50	89	13	22
36	4	37	92	56	61
2	21	14	60	4	87
68	8	76	46	87	50
95	29	97	93	86	94
5	51	34	34	87	97
44	7	74	42	70	94
40	70	43	16	95	44
58	75	15	28	93	83
87	61	81	87	52	38
77	22	17	2	75	6
70	73	47	3	13	81
63	19	78	25	52	23
88	93	13	2	35	45
83	95	68	53	52	14
18	98	34	49	17	81
33	85	62	20	34	12
39	96	73	38	24	10
57	72	17	84	6	100
8	67	41	55	89	72
47	37	81	54	34	44
59	22	78	27	89	86
96	43	42	90	73	80
27	30	43	53	19	46
7	64	53	29	58	91
91	11	58	55	19	90
78	94	47	73	78	26
41	81	94	31	58	46
30	43	5	24	31	86
89	37	59	88	61	20
9	58	75	67	55	75
82	94	10	95	45	80
18	25	76	79	84	60
31	12	47	72	28	52
59	39	19	98	52	1
4	79	86	40	88	48
57	15	23	51	30	9
32	47	64	36	65	51
50	18	19	66	27	85
53	1	91	35	58	74
62	79	20	24	57	91
83	11	24	46	80	32
86	77	11	24	82	68
23	85	46	66	59	35
52	66	35	73	32	10
72	68	43	75	55	95
59	28	3	54	10	55
70	77	67	97	71	53
71	14	94	29	87	20
80	7	73	96	24	75
12	25	95	88	75	61
62	70	17	64	5	39
59	85	75	23	80	65
33	19	53	80	84	53
66	60	24	86	34	75
1	29	5	94	18	36
92	35	75	55	78	46
73	54	85	63	15	81
88	3	68	80	13	21
99	73	42	56	36	16
74	20	60	78	64	32
19	98	31	84	83	52
52	68	83	86	6	42
86	46	73	72	1	52
47	70	100	24	13	85
73	4	57	64	71	56
94	63	8	6	66	44
90	57	69	82	20	28
21	75	81	49	59	76
43	45	13	94	66	46
84	78	43	60	86	93
28	32	28	98	56	63
5	73	89	13	71	77
70	52	57	33	8	35
48	29	87	72	52	63
15	47	24	64	55	51
34	13	88	31	66	57
66	24	25	55	17	79
96	20	89	27	88	57
55	87	85	81	81	26
18	83	86	58	56	59
11	60	51	59	86	53
5	87	44	79	4	27
58	80	36	70	64	86
68	58	91	69	31	84
35	72	92	67	22	6
17	39	39	20	24	63
34	2	80	67	66	64
57	67	54	56	9	15
2	86	1	87	10	10
26	92	8	36	79	38
87	100	9	91	33	29
61	20	81	56	28	18
100	40	34	8	45	31
27	29	82	32	10	24
86	25	22	9	56	100
57	90	56	43	18	14
36	4	13	27	75	86
74	100	21	72	54	49
90	13	85	47	54	68
51	38	57	37	67	80
58	14	11	11	62	17
63	27	34	67	74	80
43	76	31	53	47	6
11	100	96	77	49	100
100	90	53	100	17	67
86	58	21	57	36	2
100	36	95	74	17	55
24	19	49	72	17	55
78	98	7	68	78	46
3	81	22	17	26	67
72	4	35	84	31	3
16	59	70	26	5	84
50	79	90	54	55	99
51	84	53	2	28	99
68	66	2	28	28	28
81	94	96	50	84	2
91	58	59	39	14	40
24	1	64	85	71	66
11	97	22	27	35	58
16	31	70	47	88	17
88	44	53	44	30	14
49	27	24	99	34	98
13	14	9	76	9	9
14	94	29	13	16	58
46	43	19	78	51	58
33	23	67	47	16	31
6	35	91	92	66	84
56	40	54	77	34	42
19	14	14	18	64	24
86	19	1	82	95	25
90	27	49	43	37	31
14	9	37	69	94	85
70	28	17	65	49	79
98	48	40	20	67	33
23	74	100	59	88	72
52	89	31	55	99	4
60	94	86	10	75	33
93	68	12	13	68	23
49	100	65	93	54	44
1	49	22	95	91	13
71	100	72	11	11	3
18	28	11	40	43	31
47	67	34	78	86	77
29	17	24	88	6	85
90	9	4	15	14	33
11	28	58	32	46	5
63	20	4	88	60	75
51	16	52	57	15	47
41	27	44	2	92	33
35	72	90	18	36	92
83	96	8	54	87	69
47	2	96	82	27	10
95	26	68	93	100	85
68	98	38	51	33	5
14	94	38	6	95	91
28	26	33	18	66	98
53	55	83	75	22	65
97	71	68	49	39	90
56	2	50	4	24	85
50	32	37	62	27	3
85	66	13	10	94	16
28	55	44	3	27	24
31	79	82	16	80	60
19	88	20	26	7	47
78	72	26	80	22	15
96	55	48	73	96	43
44	74	69	23	66	59
97	22	100	8	81	16
93	81	60	85	47	76
67	46	63	98	29	48
15	76	21	94	74	8
58	68	56	40	55	57
18	95	23	57	4	84
10	41	23	33	6	35
4	63	87	26	4	35
9	63	3	49	69	33
59	83	98	45	68	15
57	32	38	100	56	99
18	2	26	17	93	71
92	49	95	36	17	29
76	12	11	88	60	6
76	80	63	50	37	13
100	43	71	45	26	85
6	77	4	21	24	76
56	83	89	17	98	29
27	5	12	37	46	62
4	70	99	90	63	76
14	5	24	7	9	99
68	44	40	99	95	36
95	12	61	84	80	19
94	41	99	3	100	6
59	97	14	27	17	74
36	82	99	10	22	20
67	6	82	45	94	56
57	24	50	43	76	48
62	20	4	30	84	18
58	90	82	97	67	64
74	14	32	83	94	43
52	81	56	34	30	82
62	25	68	25	74	48
46	71	87	26	96	87
11	82	16	6	61	87
96	68	39	31	80	56
44	31	65	53	70	14
52	84	12	68	92	91
9	13	92	14	3	16
29	18	23	85	95	60
14	17	57	33	60	26
72	65	82	31	80	36
18	78	19	72	40	96
4	94	84	63	22	58
9	12	30	62	31	13
91	69	75	47	41	55
89	36	29	4	55	30
43	42	98	78	8	28
60	76	26	75	94	76
4	37	66	55	89	53
36	25	32	10	52	37
100	97	10	81	40	72
64	17	27	86	100	89
92	6	75	95	65	11
57	99	94	21	93	58
5	70	2	74	96	61
22	82	81	81	19	36
11	9	51	40	42	99
49	53	100	27	28	84
36	82	43	44	72	3
35	68	5	83	29	54
55	78	73	80	81	8
72	95	69	46	78	76
85	88	41	23	53	3
79	6	18	96	25	4
84	64	5	43	38	71
33	27	70	34	11	66
25	95	21	96	99	10
39	84	61	76	17	26
52	52	77	21	82	69
31	30	50	39	81	68
7	34	62	7	44	75
5	42	87	89	48	36
97	86	42	9	70	22
37	47	54	42	86	39
11	43	1	49	27	9
16	55	90	41	11	93
90	1	19	85	31	2
64	88	56	39	21	24
77	86	48	27	90	82
62	87	94	94	39	28
92	4	12	85	41	53
73	35	37	95	98	3
24	60	91	1	29	64
8	73	41	72	61	99
84	88	5	3	39	46
27	61	65	24	59	11
45	74	76	13	13	43
82	57	95	21	78	83
84	87	33	47	14	84
62	39	3	52	96	3
87	7	47	76	27	74
31	56	83	42	72	33
45	48	16	67	93	94
89	51	44	52	29	61
22	24	47	1	37	69
39	11	11	39	90	73
81	47	13	55	50	5
57	89	86	15	71	81
94	61	72	23	94	6
57	73	49	96	77	41
60	86	95	63	17	61
88	17	80	98	43	35
17	96	99	46	74	23
88	1	44	47	37	81
42	56	61	62	66	38
72	26	83	8	96	14
65	56	96	83	60	70
72	43	82	22	56	11
83	83	45	93	48	80
86	48	98	29	30	40
35	21	6	68	33	32
2	47	54	61	8	4
16	81	5	83	15	46
42	51	3	28	32	73
45	56	51	79	74	20
28	10	21	57	1	25
58	7	34	27	23	91
47	81	6	52	40	7
99	47	84	87	40	34
61	35	57	47	26	92
9	22	9	8	1	76
1	15	44	18	51	51
98	40	26	98	26	60
83	32	60	73	70	93
38	49	85	70	59	71
68	53	57	98	45	8
65	65	78	13	28	11
23	27	22	50	46	38
47	55	71	64	9	61
71	51	34	78	45	9
3	58	19	20	66	50
19	1	22	39	83	79
9	98	45	15	70	80
83	98	56	16	55	97
32	10	55	90	61	84
33	11	40	19	34	45
83	12	27	28	32	41
30	50	46	83	63	100
33	39	65	9	18	95
8	47	93	7	6	72
63	10	69	12	32	18
69	83	85	60	90	1
62	56	33	80	51	49
3	6	70	67	30	81
50	30	47	45	32	15
68	31	98	47	12	46
25	39	87	17	79	29
13	12	34	89	98	69
33	11	25	95	66	44
41	27	2	54	26	68
73	16	57	17	22	97
64	60	54	41	27	22
42	30	46	20	56	83
66	97	38	63	2	87
99	29	69	14	8	13
63	50	62	74	14	93
83	63	84	54	39	63
42	79	33	43	33	96
50	3	12	19	76	64
6	44	72	6	83	91
61	9	70	41	8	20
50	53	22	15	83	9
87	25	28	38	36	37
38	66	86	90	38	62
24	83	58	89	6	5
95	99	93	38	23	13
38	34	93	15	20	10
83	21	88	34	37	68
11	60	46	44	15	48
76	83	45	48	88	2
16	88	52	82	43	46
77	27	64	80	20	18
45	34	35	86	91	73
80	8	90	11	5	62
84	77	19	89	35	43
91	81	41	31	39	53
27	85	39	61	96	97
93	70	87	35	68	45
91	67	53	69	29	90
92	84	89	12	71	6
1	35	76	59	66	87
2	86	86	48	46	95
6	56	6	2	73	68
94	79	27	22	2	71
24	5	78	46	62	46
28	94	88	68	93	8
16	13	23	15	10	74
24	28	62	82	11	75
80	2	64	69	53	99
13	51	13	98	20	71
84	42	6	55	59	45
51	64	62	39	99	98
90	7	67	88	19	67
32	80	7	49	56	48
43	16	97	79	95	93
68	67	30	49	5	5
82	22	78	71	61	52
3	34	29	24	98	83
54	24	87	10	77	48
99	45	93	95	54	49
42	93	77	98	66	39
17	9	33	58	3	59
40	54	75	28	9	56
72	39	52	6	2	33
100	98	98	98	41	30
64	73	90	28	72	99
35	7	84	69	13	26
60	51	58	2	15	65
87	91	26	73	20	8
100	38	47	98	72	94
29	15	78	4	24	91
76	56	91	80	84	81
68	59	16	1	56	52
100	67	52	87	36	36
64	70	7	9	95	18
7	92	26	36	95	79
99	76	81	18	54	85
58	86	98	27	57	18
16	58	56	48	24	65
52	78	93	5	15	34
83	51	15	26	61	62
67	46	90	84	97	17
5	2	96	68	71	22
2	53	19	12	17	68
84	95	23	38	37	37
15	6	60	98	85	81
78	71	2	2	89	25
98	13	81	74	5	8
87	13	52	19	79	41
49	75	68	35	78	99
44	25	44	2	69	49
68	73	73	56	84	60
1	3	4	79	34	39
64	80	43	73	48	24
71	62	17	99	27	75
69	68	70	44	46	29
31	41	72	41	38	82
39	84	99	38	98	16
58	42	18	2	21	28
69	91	85	58	22	12
94	92	48	97	70	78
22	60	47	69	34	8
3	4	69	46	59	66
72	94	50	93	71	58
83	49	74	67	54	29
87	78	66	6	73	35
100	79	46	11	77	19
50	27	78	93	86	76
96	95	59	3	88	99
16	81	32	64	41	70
57	86	1	43	35	82
66	21	91	88	60	32
49	98	42	71	82	96
17	71	99	18	6	44
20	22	89	29	45	37
8	61	38	42	10	81
24	89	33	11	94	18
16	53	100	35	74	27
33	78	72	42	49	80
43	44	17	76	53	66
57	45	8	35	83	63
68	89	42	93	87	94
1	17	26	64	1	75
42	32	6	29	60	95
82	35	75	16	52	85
46	98	57	33	35	38
87	28	41	1	47	7
77	69	82	26	100	36
15	67	43	60	100	5
34	25	74	70	33	68
56	8	13	5	78	67
85	18	13	31	52	23
86	43	72	57	91	54
56	39	79	31	77	84
24	78	62	10	38	78
83	81	17	6	78	96
92	31	30	89	12	8
81	54	27	69	54	48
5	35	86	61	54	63
67	62	22	1	71	11
33	19	89	10	52	73
93	34	86	73	76	48
35	27	73	60	94	22
1	80	48	5	38	67
74	5	9	77	17	48
41	61	41	16	64	65
61	63	45	6	35	41
11	21	93	99	73	46
38	23	9	70	29	33
75	59	11	32	84	54
26	59	53	87	32	72
8	97	55	72	25	77
19	77	93	66	41	98
1	13	35	42	92	18
51	40	97	60	53	63
41	20	81	98	87	15
22	10	3	45	19	54
66	84	80	44	44	65
14	53	24	72	36	25
18	96	45	18	74	93
35	91	80	65	31	76
61	4	21	56	46	52
84	85	35	99	90	12
27	61	99	80	2	46
92	97	35	29	18	42
47	40	22	8	34	89
79	3	42	75	11	10
84	45	14	29	27	61
34	82	87	28	50	61
25	27	8	81	80	1
75	3	47	66	18	25
84	91	28	60	53	81
61	8	88	9	3	55
79	67	78	29	43	72
35	52	53	71	8	55
37	76	70	23	71	8
37	85	64	75	31	87
95	95	62	26	39	42
44	35	34	92	73	1
38	57	87	73	60	38
75	28	48	71	79	16
45	73	22	100	66	54
58	96	3	55	51	4
40	51	13	4	95	42
15	25	8	31	86	33
92	80	45	47	91	42
15	84	16	61	58	91
78	26	33	83	20	56
16	2	27	94	65	59
16	98	43	18	17	57
43	90	43	46	52	30
62	54	43	45	26	13
44	82	69	56	18	77
55	87	69	46	89	93
99	42	15	5	54	50
21	89	50	62	78	13
28	83	70	30	61	7
22	79	46	75	79	7
1	62	72	16	64	28
45	42	5	82	93	65
32	2	27	4	67	8
77	24	41	61	60	19
10	81	55	56	26	37
7	30	13	97	31	12
32	37	47	99	70	80
5	20	8	78	58	56
91	52	11	53	68	55
57	11	88	9	27	68
93	100	6	39	81	7
15	20	13	50	81	17
67	80	56	28	83	79
5	47	95	3	36	60
27	35	23	14	71	45
34	53	88	54	20	1
16	40	11	76	73	25
92	30	66	42	39	47
66	9	96	89	47	49
55	7	40	78	93	43
58	100	14	32	49	72
2	75	18	1	93	25
7	28	52	86	12	99
6	77	64	20	22	15
31	80	35	51	14	82
20	56	56	92	92	89
75	16	68	18	18	46
74	100	14	12	1	39
95	76	12	33	74	91
73	16	70	3	53	75
77	46	57	14	13	11
34	49	13	30	18	78
99	57	42	88	35	39
46	62	44	75	36	20
26	43	95	91	68	65
40	98	20	24	95	77
53	25	34	7	27	9
12	71	66	49	24	91
100	49	35	22	94	30
71	56	74	18	78	92
21	46	68	37	31	9
34	94	48	71	65	64
29	27	56	53	64	75
30	47	38	12	35	42
23	42	98	94	69	22
46	85	85	1	31	18
73	72	37	92	18	90
78	17	50	14	81	81
18	41	17	75	1	71
73	16	8	100	53	42
92	98	23	87	94	21
74	100	41	69	65	48
66	21	53	73	95	64
94	96	57	85	33	18
91	85	19	35	89	48
62	37	82	52	48	46
46	76	36	31	68	30
79	4	6	66	78	99
78	63	2	9	97	12
28	43	12	59	38	19
10	65	42	19	36	44
62	95	92	3	50	25
92	2	72	4	100	16
5	10	30	64	50	17
62	40	9	17	76	89
32	52	23	81	19	68
73	1	71	39	75	9
35	97	86	99	63	75
59	74	75	46	66	47
36	16	62	31	65	48
93	6	92	67	92	25
93	41	16	55	69	48
5	78	96	26	9	74
9	63	94	60	85	26
82	6	29	97	63	23
11	79	28	82	93	8
89	39	28	56	59	91
86	77	82	49	25	32
4	34	12	41	38	71
93	61	89	68	69	84
97	28	15	31	20	10
24	17	91	32	51	54
56	48	97	53	60	8
55	90	82	18	43	91
37	57	97	94	77	83
87	61	41	12	17	42
35	18	63	38	16	88
90	20	89	16	67	20
51	86	45	4	30	53
4	80	25	59	37	66
94	12	53	58	67	76
72	41	6	68	35	22
93	1	74	59	77	15
89	73	62	77	96	93
47	53	96	3	19	33
67	7	81	60	27	71
54	57	44	29	1	45
40	97	5	48	91	29
17	19	14	9	70	77
54	49	57	100	61	35
10	54	81	52	20	31
3	48	24	28	13	46
44	85	64	45	27	20
78	39	100	9	69	44
35	94	33	28	71	90
43	73	54	65	3	27
2	55	19	95	19	67
17	55	61	99	28	24
34	67	22	39	84	77
43	3	43	61	51	45
65	73	60	17	56	95
23	63	59	12	73	94
82	32	32	14	46	47
93	4	77	95	78	98
1	21	64	84	86	24
3	42	28	16	40	59
74	35	48	10	61	32
28	74	55	26	78	51
63	90	10	88	90	50
99	32	19	22	41	31
32	16	13	99	53	27
62	7	99	74	17	80
9	31	31	95	79	1
48	51	27	93	66	47
9	64	30	16	25	42
68	33	51	90	41	76
71	44	43	34	15	80
65	84	27	57	12	66
18	15	99	9	26	20
63	32	35	62	44	100
8	60	85	97	25	72
64	82	27	34	73	82
31	55	78	94	31	36
80	14	54	55	60	16
17	54	65	5	13	70
16	27	24	59	80	58
4	41	77	21	19	11
19	40	9	69	91	38
14	8	74	60	7	67
12	78	34	53	97	32
69	26	33	36	69	96
100	60	7	29	76	35
30	62	31	43	54	29
40	98	18	50	21	48
26	100	93	25	56	24
97	45	63	99	44	19
7	48	74	5	2	33
17	72	41	69	34	57
99	41	26	73	71	10
80	8	61	5	73	12
17	77	77	20	65	71
77	14	88	10	7	60
37	14	89	44	33	44
88	30	86	46	86	13
64	75	98	91	9	31
36	15	12	96	84	52
34	50	84	21	81	59
98	90	59	68	30	4
56	33	59	21	25	59
55	100	85	56	92	89
65	91	84	100	46	77
90	55	45	56	21	18
82	55	45	88	83	18
15	53	15	8	82	77
92	40	84	72	60	75
75	1	47	87	60	74
53	3	10	48	78	56
67	51	61	84	90	7
52	20	79	21	61	15
7	47	42	38	7	21
42	86	45	64	29	8
12	1	14	90	60	98
74	100	89	30	13	38
60	37	27	61	40	43
75	6	31	96	49	3
21	91	20	46	25	3
87	21	16	59	71	99
65	30	30	63	87	47
6	5	50	42	58	8
84	21	10	14	38	62
76	18	26	9	12	30
73	45	70	51	40	88
99	55	60	47	50	25
40	19	34	97	41	9
77	81	20	87	58	15
97	20	45	65	31	61
32	83	28	89	39	61
87	48	66	11	75	34
69	31	86	50	51	82
73	81	78	18	56	83
49	49	99	45	79	78
70	18	20	76	65	89
59	18	35	84	76	50
74	60	16	70	43	15
12	82	49	3	2	50
23	34	10	4	13	34
29	70	21	73	4	65
97	82	38	6	80	68
93	23	6	81	93	32
60	52	61	77	36	100
94	70	99	15	77	2
32	51	34	28	32	68
3	36	9	52	56	91
29	75	52	51	44	32
76	18	63	47	11	84
95	40	93	44	5	69
92	16	25	53	39	75
31	53	54	46	54	23
6	37	71	89	93	2
62	40	25	86	89	59
44	37	1	67	10	50
60	34	31	95	67	53
19	36	95	39	48	6
43	63	84	43	23	14
81	69	33	28	74	27
29	23	38	63	43	69
62	99	19	9	86	91
76	78	86	38	20	36
65	83	64	29	100	58
63	6	76	20	2	18
98	66	56	65	64	96
97	77	98	68	90	49
11	58	38	18	98	64
1	79	67	53	71	33
93	32	63	33	92	29
67	27	87	32	58	84
62	10	51	65	92	92
39	10	71	84	20	47
46	91	30	22	35	58
88	89	30	60	91	29
82	76	3	98	78	26
50	53	30	19	39	1
78	75	78	22	9	85
18	61	41	27	43	20
73	11	19	73	10	95
59	20	88	67	74	75
49	27	80	5	64	1
98	96	54	43	28	86
82	61	21	8	75	80
37	69	73	86	18	77
86	25	18	39	73	92
50	88	69	47	96	9
81	62	78	4	58	4
42	34	79	64	47	17
82	95	42	6	28	74
59	38	63	48	44	20
28	87	38	72	86	76
93	60	27	25	20	37
53	90	76	34	23	23
79	7	31	78	52	93
36	97	100	38	30	60
93	45	13	6	27	72
26	53	34	100	59	79
61	6	47	21	44	69
14	8	10	7	96	67
25	10	62	68	12	78
12	15	89	78	81	36
66	7	18	100	37	87
20	24	21	61	81	26
31	25	87	54	32	7
93	72	1	70	19	32
92	89	34	92	85	98
36	22	39	1	98	53
14	31	64	97	36	51
37	71	49	35	82	9
23	3	50	74	64	20
55	6	16	90	53	29
93	21	97	60	58	47
39	50	72	15	35	70
71	8	18	74	61	47
30	18	40	59	95	48
38	24	25	72	72	6
59	44	7	12	15	91
9	2	51	45	23	67
9	100	32	28	53	28
52	99	85	73	64	70
1	91	5	55	90	25
92	51	93	54	24	83
89	51	49	62	12	94
88	37	22	41	26	72
86	2	12	98	52	35
57	86	20	11	45	67
14	23	61	2	73	22
23	2	92	15	52	55
75	43	62	92	96	99
14	27	9	22	77	38
96	3	24	91	71	85
38	62	91	83	77	6
63	9	35	62	14	85
88	8	53	6	48	31
60	65	80	15	83	27
80	85	94	42	1	72
99	81	2	82	2	6
55	87	53	38	29	95
31	4	85	68	93	83
31	4	1	36	33	26
50	98	99	100	63	64
75	88	22	72	1	61
92	60	6	11	81	88
78	69	86	40	52	60
77	22	75	12	54	63
36	21	57	14	51	16
58	7	23	71	99	10
62	87	54	6	46	61
30	79	6	28	69	23
24	79	40	58	74	16
14	6	98	73	34	48
3	64	17	10	43	63
71	11	7	11	44	60
36	49	94	33	67	13
39	71	74	9	9	88
6	31	44	9	77	81
97	80	93	25	92	26
29	71	13	19	95	2
33	69	92	84	66	71
74	68	68	37	7	42
76	18	38	86	61	8
72	65	30	71	28	65
33	21	38	34	91	90
78	97	7	59	1	62
7	7	5	73	9	7
9	83	82	26	69	60
14	70	51	73	54	62
71	55	34	87	89	8
93	16	52	65	75	93
70	36	5	2	94	94
68	47	80	83	89	77
87	52	56	37	44	46
63	62	95	87	36	64
8	97	30	33	95	93
98	25	86	29	28	20
48	96	94	18	2	79
34	93	87	87	13	20
50	80	7	8	4	89
24	83	76	48	21	74
77	36	37	43	16	95
30	67	90	71	11	68
100	81	34	5	51	83
78	33	24	9	96	83
84	2	59	73	71	15
1	58	77	51	94	34
38	64	74	67	90	35
32	67	41	30	85	43
96	47	69	97	15	7
71	35	28	77	27	27
91	92	16	28	75	1
60	14	26	80	79	37
79	71	16	54	57	24
42	80	99	86	90	23
26	13	30	97	33	19
46	28	74	99	68	56
3	39	49	29	96	20
100	64	17	2	51	61
90	55	81	11	31	37
44	73	10	40	21	80
99	42	41	15	63	89
57	73	89	69	3	95
45	56	5	33	87	30
35	45	90	73	38	18
7	15	12	91	9	56
33	30	34	20	61	47
31	87	88	17	41	70
89	92	67	99	94	23
39	3	81	28	2	28
8	53	88	60	57	15
84	92	22	47	19	100
27	55	81	94	20	90
99	94	27	7	14	82
53	72	43	33	47	49
36	14	90	89	67	11
35	79	68	75	75	86
93	26	79	72	81	64
31	93	47	29	43	91
84	51	21	11	73	84
53	100	54	12	45	40
33	62	97	68	59	34
4	86	38	67	65	90
68	19	87	87	79	10
17	46	56	90	17	38
39	17	15	25	44	52
77	35	59	76	1	15
27	18	13	29	47	75
62	85	25	71	88	79
45	23	43	91	83	34
66	95	82	86	58	49
4	70	86	89	35	4
16	51	85	88	30	32
7	50	86	61	61	16
9	99	52	31	40	49
46	100	98	85	33	27
54	74	45	62	40	69
83	35	24	44	43	60
77	52	91	46	63	47
82	59	91	47	10	98
10	72	44	55	12	17
83	69	13	98	40	39
57	61	99	93	90	1
77	58	52	10	1	33
14	50	61	3	53	80
34	97	34	38	48	78
29	99	65	26	3	44
33	85	24	79	24	5
68	14	86	97	28	85
2	36	98	1	45	32
89	52	12	36	37	99
68	25	51	61	51	44
100	2	69	87	21	82
79	12	89	22	97	65
4	76	1	82	4	60
1	66	80	26	49	77
100	13	19	20	90	26
80	60	69	23	42	68
79	7	80	81	51	86
17	56	76	83	65	32
24	24	4	38	74	23
18	43	48	83	30	89
87	11	41	9	16	35
50	88	15	27	28	56
83	30	29	55	21	49
7	80	11	10	60	81
92	84	44	27	71	38
58	3	95	89	54	96
8	23	59	82	58	71
73	17	20	47	79	71
56	43	4	26	61	13
5	31	57	91	22	27
26	51	65	83	41	83
52	71	88	55	72	36
31	63	62	10	38	88
89	1	68	14	25	50
72	75	26	65	54	70
59	45	25	49	38	40
37	16	35	100	60	20
66	98	42	6	41	34
27	61	38	94	27	24
1	9	22	41	12	98
32	38	34	25	3	99
83	6	36	26	81	26
74	73	92	1	73	17
2	55	37	82	77	10
69	19	40	29	5	47
49	51	48	26	84	97
7	7	10	68	13	80
79	16	3	6	6	78
62	7	88	24	80	55
25	91	61	93	97	60
69	4	76	75	82	41
10	3	8	31	81	13
15	53	65	70	2	9
93	2	38	47	81	97
58	89	37	1	13	52
28	63	45	27	25	5
99	82	87	77	60	36
66	39	91	33	57	69
7	87	1	11	1	40
46	48	38	83	49	10
12	34	19	79	16	87
16	63	71	35	25	52
59	43	76	44	74	52
40	99	28	67	61	58
77	7	55	11	4	72
28	32	42	36	30	57
35	81	50	97	91	12
8	11	3	44	99	15
28	71	17	22	56	2
52	4	44	98	78	1
39	40	67	5	47	49
98	100	90	62	57	93
61	22	52	18	40	17
55	92	100	20	100	42
97	21	41	44	38	93
39	53	39	70	97	68
100	36	66	53	12	74
63	47	22	96	83	38
61	14	24	45	63	54
17	28	68	91	88	90
85	55	18	62	65	66
79	18	20	24	68	21
11	47	80	12	32	67
23	92	65	2	99	52
76	27	76	54	92	57
12	84	20	11	6	78
97	87	27	33	63	40
37	48	31	74	43	93
42	83	50	28	81	41
71	24	9	57	55	83
5	58	79	100	5	99
64	9	74	80	68	15
7	2	25	12	84	19
27	10	31	50	82	54
55	26	85	80	54	67
60	2	50	34	73	84
64	70	61	88	55	74
37	32	23	13	2	36
21	71	82	1	95	80
27	52	47	96	94	46
76	40	38	44	11	93
14	93	18	67	45	18
74	100	67	68	35	24
5	57	77	37	82	29
37	21	68	62	23	84
54	100	32	2	62	30
26	93	58	83	60	90
63	38	26	94	10	33
27	49	93	28	41	34
25	23	57	36	58	41
46	83	39	58	27	54
99	62	22	92	19	99
91	12	68	19	37	82
94	79	5	24	75	12
80	8	99	86	37	53
61	90	94	64	5	95
64	57	86	22	20	79
28	14	18	95	75	33
3	18	90	80	19	4
24	5	56	19	5	72
68	63	47	63	40	30
17	99	82	9	95	66
82	58	18	23	85	92
95	53	33	42	18	100
31	13	93	6	32	39
6	55	17	32	8	3
54	55	44	92	81	8
2	48	36	76	78	14
37	1	82	24	1	94
56	97	66	19	75	57
63	49	31	47	83	28
30	95	72	82	77	94
81	47	90	64	69	51
70	27	26	90	14	53
41	42	68	29	28	6
3	52	88	75	93	25
98	84	67	96	2	70
67	56	86	65	33	19
52	73	14	6	35	29
13	85	86	40	83	63
54	1	31	48	90	41
98	33	85	78	1	8
27	83	99	28	25	30
86	6	14	39	55	41
65	82	87	58	17	85
50	11	68	70	41	18
19	79	7	6	83	39
63	90	91	32	79	71
5	55	65	86	44	12
90	77	9	84	18	18
2	31	81	58	94	35
8	35	80	45	13	98
33	75	49	39	53	18
19	1	72	15	17	62
48	49	67	43	28	45
32	62	21	44	20	70
77	97	47	32	65	58
73	89	35	92	66	16
24	75	42	76	22	31
6	20	100	16	76	91
44	50	18	67	94	60
90	58	44	15	76	44
33	98	36	88	82	87
47	43	35	7	32	34
70	46	33	94	65	25
86	94	17	48	56	33
34	45	4	39	26	16
37	89	72	29	7	49
94	82	88	94	73	11
79	66	10	54	44	13
21	97	90	64	4	72
72	3	23	9	97	78
2	50	80	79	20	96
44	83	68	9	60	55
30	79	70	55	71	96
95	46	88	44	32	39
37	54	63	71	27	1
84	14	42	3	89	35
64	83	16	7	53	84
80	59	9	53	1	41
24	37	92	88	33	9
90	1	23	65	87	99
49	54	59	7	68	9
13	22	48	16	6	30
47	50	6	49	86	78
87	46	58	7	84	2
44	98	11	64	73	25
24	100	64	46	12	24
8	15	5	27	64	39
9	42	23	100	47	14
83	59	27	4	51	42
5	36	64	65	69	92
58	1	28	35	26	10
58	80	75	14	69	56
42	60	23	92	83	2
85	6	88	41	40	10
78	69	15	19	39	50
67	36	2	51	45	7
100	95	82	79	82	60
73	4	89	67	95	6
1	73	81	59	74	84
93	36	13	18	36	70
70	8	24	50	95	81
75	19	71	6	94	13
81	5	24	15	29	80
63	3	12	55	4	97
92	56	2	9	95	62
95	8	83	27	35	89
2	28	48	85	79	69
23	67	5	88	91	40
96	95	4	36	27	37
21	76	34	72	31	26
95	88	100	38	64	19
80	100	58	49	65	50
7	1	51	2	4	73
88	77	38	37	31	5
88	30	34	99	100	92
98	78	94	82	85	44
6	92	80	79	11	1
90	24	20	3	66	18
83	8	59	63	93	36
8	70	81	80	82	51
45	83	21	27	97	9
62	91	62	84	18	18
85	100	56	76	89	2
65	76	48	7	33	7
11	11	75	72	62	17
50	56	56	51	19	35
28	6	38	73	58	39
8	74	33	19	50	69
42	87	41	19	99	92
99	66	57	49	68	50
49	51	39	30	23	7
61	61	98	62	29	92
8	47	61	16	92	5
80	27	90	77	80	19
28	99	44	60	66	18
59	92	88	69	7	2
57	32	15	21	78	67
47	52	59	83	81	31
93	23	89	17	49	81
57	54	76	33	8	45
11	24	17	52	94	67
66	4	35	94	27	37
77	21	10	63	90	97
20	65	19	30	37	34
40	4	47	26	91	79
69	17	58	28	75	86
85	4	61	50	18	77
31	82	91	84	12	89
83	52	22	64	37	76
83	63	28	26	93	89
35	62	9	38	9	47
85	21	67	48	97	4
48	33	38	67	8	43
37	98	3	91	40	70
57	90	88	2	72	74
47	33	67	47	14	57
33	69	55	34	97	81
62	79	91	73	66	60
100	80	91	83	80	83
46	62	89	70	38	9
1	76	45	61	43	50
24	49	10	60	56	14
64	3	84	71	82	22
70	33	34	30	84	96
14	24	28	30	21	57
20	6	53	59	37	32
57	87	2	6	7	79
36	99	84	98	91	95
20	71	21	63	13	45
57	63	77	87	12	24
57	99	18	62	22	99
100	97	8	69	38	4
90	21	67	17	56	27
3	42	38	92	75	98
53	46	76	2	32	68
25	35	25	69	20	46
47	71	64	51	1	49
35	100	46	24	64	39
17	73	42	24	88	70
8	95	82	51	82	84
88	77	39	77	16	23
83	46	38	79	30	62
41	23	1	9	79	99
45	29	9	80	100	85
88	26	43	63	26	69
55	29	43	45	65	99
30	23	38	44	4	16
25	77	99	94	41	9
5	98	21	70	86	16
38	36	57	62	86	36
25	30	80	10	9	80
88	47	90	32	36	57
64	22	96	25	97	15
23	96	15	33	73	84
2	14	69	22	13	59
54	98	81	71	57	49
82	43	76	14	40	70
73	34	53	78	8	51
56	40	84	41	58	46
91	8	17	44	63	35
38	98	65	19	33	54
41	42	47	38	7	81
29	92	81	27	28	94
88	8	60	9	49	30
56	61	76	100	15	28
99	56	97	7	13	2
35	32	46	2	37	54
38	76	30	94	6	86
22	89	25	74	27	73
39	98	49	88	62	35
63	10	70	7	91	65
31	47	61	7	11	38
26	46	83	54	100	31
11	46	91	93	40	68
1	40	58	57	96	97
30	10	32	87	69	74
85	18	34	84	51	40
76	96	73	83	48	57
39	10	76	2	22	74
21	48	7	5	61	64
74	46	27	84	8	13
74	35	46	46	4	1
76	90	74	22	14	48
27	57	36	34	24	9
31	60	84	65	37	30
81	53	97	18	100	89
47	73	53	83	27	39
13	20	100	59	52	28
63	8	19	94	81	85
61	22	62	78	79	11
83	12	37	20	75	71
18	94	87	9	25	86
68	9	42	58	93	92
70	93	84	23	3	88
17	54	30	73	19	57
79	99	49	42	17	71
99	30	29	4	2	90
42	22	32	81	57	62
55	77	21	73	100	96
14	17	19	38	58	60
57	37	7	17	98	71
84	89	63	12	27	11
30	8	50	59	89	8
66	10	29	47	33	3
18	6	34	97	77	19
5	58	91	51	29	23
97	22	99	43	17	76
2	99	43	54	24	68
13	25	16	65	35	59
26	91	3	69	22	36
25	88	50	20	75	45
45	65	78	13	39	70
69	11	58	1	22	35
40	96	19	84	8	36
95	76	62	54	60	15
17	89	83	54	76	41
97	37	24	93	18	11
28	100	98	52	72	76
50	79	59	87	73	63
55	98	55	5	18	91
61	40	23	42	89	25
49	82	14	19	4	97
34	6	65	85	75	88
97	81	50	81	56	87
60	61	91	39	95	16
42	31	80	28	15	28
37	94	13	14	82	56
51	33	75	61	19	35
46	37	36	75	16	35
74	22	66	66	21	37
99	83	44	56	27	45
91	37	88	48	12	55
45	82	48	100	17	23
6	65	13	73	26	85
78	16	7	31	85	69
23	8	70	20	65	39
67	35	53	86	83	98
69	6	52	4	65	91
52	98	26	69	64	28
15	21	72	16	15	15
41	100	13	77	72	87
62	51	81	78	63	59
27	95	52	93	11	16
21	61	68	18	56	32
54	6	80	53	29	4
35	80	74	7	57	85
59	8	41	25	4	92
53	68	18	20	69	5
39	4	34	33	75	77
27	38	39	69	13	46
2	88	33	61	27	88
9	87	18	39	64	35
33	67	16	20	92	73
67	59	68	49	96	4
52	52	40	15	84	79
54	50	61	100	91	79
22	82	95	82	35	53
31	9	30	98	25	4
12	44	44	39	95	70
37	77	78	76	59	73
13	17	11	8	25	35
21	59	87	13	87	14
98	68	57	98	87	48
43	50	30	89	54	25
82	35	9	78	2	43
93	41	58	31	77	83
64	99	95	93	25	88
41	30	35	68	40	15
8	34	65	7	77	11
79	65	47	6	18	81
69	37	40	72	83	60
39	26	4	72	71	40
61	5	16	27	70	8
42	74	92	73	48	24
12	51	90	81	98	31
36	88	29	99	76	73
34	23	10	46	38	47
34	78	45	36	45	77
17	72	28	36	66	27
100	35	47	73	78	2
31	35	65	85	17	4
54	13	96	68	18	28
23	34	31	1	42	14
63	5	34	54	15	36
98	35	6	80	15	77
37	25	56	66	83	53
88	100	45	88	31	26
27	59	50	96	4	65
58	20	93	92	20	23
8	56	60	79	30	37
63	80	84	33	3	82
100	86	64	1	19	13
22	3	98	73	44	89
39	6	88	25	21	39
56	50	2	38	23	59
18	47	83	31	83	83
6	60	19	23	20	44
21	65	97	14	89	69
12	48	6	53	30	74
16	66	86	8	19	3
12	9	22	17	34	77
91	58	42	97	12	97
16	35	9	99	55	20
1	49	36	97	67	19
67	80	1	65	28	77
54	54	11	92	5	100
74	7	5	50	86	84
55	24	87	7	73	68
98	99	59	30	9	68
30	89	51	36	43	53
72	24	8	28	55	75
75	14	7	67	86	35
97	36	1	24	57	95
48	2	14	35	34	38
49	4	55	15	16	20
8	99	96	1	4	7
71	56	30	93	87	84
79	12	36	1	46	8
27	98	42	46	64	93
69	61	85	81	65	37
60	12	36	27	41	13
1	79	87	90	32	79
39	89	58	90	41	75
91	74	91	100	49	2
61	78	65	72	64	78
11	83	52	70	29	97
78	5	96	31	32	45
52	41	21	8	19	8
61	16	61	59	59	99
82	52	77	2	12	80
43	62	54	80	34	17
17	28	32	81	30	60
7	19	4	98	2	64
70	49	71	36	92	26
66	64	59	51	95	19
80	71	100	93	15	75
96	46	33	72	50	32
36	17	37	24	100	70
5	17	8	50	96	36
22	58	77	100	39	85
66	29	93	55	45	19
53	78	6	82	57	37
54	83	35	31	93	64
61	56	33	96	3	2
46	5	97	13	75	71
93	64	81	91	18	99
53	17	3	62	58	50
61	55	70	66	29	28
9	58	69	42	39	51
29	95	47	81	92	78
96	53	64	78	64	27
58	57	10	43	47	15
76	15	71	19	9	74
81	13	1	17	6	86
9	67	22	24	94	7
85	55	55	53	47	27
29	75	57	37	57	2
56	96	33	84	25	33
84	42	56	49	4	35
70	31	37	45	50	31
13	16	56	81	63	97
77	58	75	6	48	52
81	92	38	18	27	68
27	65	55	50	12	10
39	89	77	11	60	51
7	55	31	97	6	89
74	22	82	51	2	32
10	29	43	70	21	68
41	39	66	14	34	5
74	13	79	65	9	69
47	13	64	35	71	3
6	83	53	75	23	44
28	20	43	50	34	13
16	38	54	31	22	91
40	72	16	83	55	74
42	6	90	72	39	38
58	95	74	65	40	76
100	19	1	13	43	36
44	81	54	68	44	50
63	58	97	3	13	95
59	70	85	14	63	22
9	88	90	77	60	5
53	13	42	46	30	8
9	54	39	99	42	25
45	48	19	81	32	43
78	3	4	64	93	95
83	12	39	9	49	24
36	74	31	98	48	67
52	25	52	30	22	72
78	26	1	35	19	73
72	97	59	1	97	11
45	99	34	59	35	91
24	32	7	8	14	62
4	69	91	8	98	45
17	23	86	62	14	76
13	54	74	29	25	80
87	78	61	88	47	31
75	56	32	39	84	24
75	68	91	30	83	30
4	71	32	6	18	88
29	67	99	47	65	5
6	46	34	30	59	10
73	84	32	96	44	37
36	15	71	90	98	1
48	62	16	89	66	26
3	87	25	49	82	7
14	4	8	59	36	53
71	4	79	7	65	19
96	26	20	51	47	67
21	6	87	56	17	87
44	89	42	59	55	65
48	58	80	83	78	23
72	68	60	23	5	28
27	39	9	88	40	93
44	71	75	98	53	82
5	10	4	55	19	73
94	63	41	38	9	66
63	36	92	49	63	75
47	90	77	72	71	52
3	11	65	92	89	16
13	7	48	25	67	88
44	55	62	38	1	24
29	43	99	82	76	44
81	69	80	2	61	1
87	38	2	7	34	16
20	45	70	87	48	86
93	61	53	8	52	25
62	68	94	46	25	70
40	23	26	58	14	12
30	45	84	43	68	13
72	21	72	87	15	3
38	96	95	99	53	37
28	33	37	51	59	51
62	64	68	36	75	25
53	41	48	4	20	60
98	54	58	77	62	5
48	86	96	69	47	2
16	47	15	89	77	81
70	19	49	59	38	82
96	4	35	27	74	70
31	69	90	80	51	66
8	26	100	3	1	7
96	1	27	33	59	29
33	29	49	61	12	16
31	31	84	40	57	68
87	26	47	28	64	64
1	26	21	88	44	28
27	80	71	3	6	20
67	86	23	84	23	20
42	50	56	54	70	94
84	13	26	19	8	75
47	41	28	2	81	62
23	31	49	87	79	3
41	82	52	48	84	41
95	97	94	45	53	58
45	66	85	48	72	30
81	26	94	90	11	56
33	88	89	35	65	79
39	4	92	17	40	84
44	24	38	37	70	46
62	29	44	8	47	75
19	91	41	23	35	3
69	82	44	53	44	18
5	84	67	98	89	22
45	89	87	22	82	72
14	5	41	78	46	27
18	1	92	82	84	50
32	83	88	80	52	16
38	37	2	95	69	72
17	6	96	62	98	71
48	20	98	54	22	33
15	88	40	11	66	14
84	87	72	100	12	23
90	60	79	44	100	66
15	30	9	18	71	61
21	60	17	9	40	39
24	37	46	14	48	80
52	97	26	61	95	95
9	7	83	53	85	64
18	8	24	80	56	100
30	78	9	87	78	54
32	32	20	75	83	44
38	64	38	20	91	64
96	55	84	22	32	44
57	99	97	66	58	30
52	33	76	14	90	1
65	91	45	33	88	14
9	56	43	99	20	30
94	58	29	98	70	51
15	19	98	44	36	63
84	59	63	5	80	64
50	4	78	94	44	86
44	22	22	31	97	42
21	22	94	91	56	83
34	59	29	25	88	39
11	11	44	80	91	55
69	73	70	31	50	22
16	62	77	47	100	14
72	94	57	76	16	51
41	28	27	52	18	18
17	85	10	11	50	24
96	95	77	55	14	97
61	13	28	44	65	35
43	9	47	24	74	4
91	61	79	94	88	87
42	44	1	81	98	8
29	86	71	80	27	31
62	38	65	77	32	73
64	79	37	25	71	41
79	82	86	18	10	1
73	31	93	45	3	88
65	59	52	73	69	13
86	8	95	81	42	66
97	97	55	92	44	36
53	75	70	26	15	65
34	12	75	42	87	19
21	63	88	56	46	9
48	53	46	12	66	86
11	38	27	54	55	99
11	27	67	57	93	50
99	32	47	67	31	18
37	4	20	86	80	45
15	85	39	98	12	83
28	62	92	37	67	20
82	3	36	7	93	24
75	48	86	80	46	17
5	4	44	3	62	1
15	10	47	2	9	36
81	84	11	85	11	24
75	23	47	25	54	15
72	1	40	69	70	31
27	27	71	9	22	3
5	70	71	21	10	71
80	47	26	20	23	48
53	29	6	23	39	72
38	84	52	48	2	54
64	1	49	12	57	21
65	66	99	83	37	51
7	37	36	23	27	24
53	68	54	5	54	26
32	17	24	96	65	62
63	4	46	67	21	30
22	43	31	78	99	8
18	35	53	50	73	30
66	67	96	93	61	69
80	11	9	93	45	20
99	6	89	44	64	83
51	28	10	20	15	59
37	12	53	34	20	31
87	37	77	49	63	92
49	78	46	20	99	2
5	71	42	57	62	89
91	61	70	33	45	6
39	49	40	6	65	59
11	70	8	39	65	96
33	57	95	7	34	91
97	88	42	72	74	32
1	63	93	29	31	90
26	13	87	8	19	49
69	49	22	72	2	15
71	34	42	45	36	34
1	97	58	93	29	39
36	13	22	26	22	25
11	20	2	35	43	86
76	65	14	47	8	31
26	21	72	60	38	43
33	36	98	72	87	86
19	85	63	33	64	71
34	24	96	63	90	7
61	35	73	25	3	6
16	97	78	56	46	34
55	52	93	20	42	22
35	72	39	49	8	83
70	4	21	57	35	79
91	69	58	90	85	28
77	95	5	30	26	20
34	67	8	34	100	52
3	61	88	46	69	28
81	48	72	50	88	42
78	22	1	83	74	71
40	25	22	72	1	45
10	13	24	60	74	89
34	70	99	68	62	81
51	96	48	93	22	92
23	52	15	37	34	63
82	6	62	73	50	38
83	85	72	77	95	4
99	75	59	35	9	41
93	91	19	51	13	23
66	59	37	69	91	30
53	28	40	45	72	73
45	78	25	55	5	36
100	53	4	13	34	8
61	1	39	13	45	96
79	84	70	52	92	61
76	100	46	65	33	53
85	50	9	26	27	1
95	34	9	77	2	68
45	8	75	66	24	30
62	91	94	2	59	38
16	8	51	15	16	77
8	99	21	18	54	66
88	40	13	73	10	73
86	46	59	97	56	83
53	62	82	23	84	51
89	45	64	17	13	22
29	45	24	69	34	50
32	62	22	91	63	7
28	43	80	99	86	50
23	16	52	34	91	43
84	3	31	14	23	89
60	77	46	20	38	40
80	15	8	48	96	1
43	9	23	63	48	15
1	56	91	45	91	95
9	62	56	75	82	38
14	5	67	8	23	3
62	70	90	78	63	16
40	30	32	24	44	49
67	94	77	24	47	68
24	54	65	43	88	61
2	84	74	5	47	99
39	49	84	3	52	16
92	2	33	45	52	28
36	27	29	6	4	21
74	29	79	4	67	10
48	35	31	65	39	95
40	5	42	100	88	41
33	37	62	20	49	93
50	58	36	92	94	13
37	84	27	36	23	59
61	54	36	52	17	47
88	38	83	3	29	93
36	100	96	24	17	19
70	56	32	93	43	34
71	18	88	62	66	29
70	96	33	11	52	83
57	58	53	100	8	56
16	38	91	92	49	39
73	82	84	36	74	81
77	16	21	63	36	42
43	94	11	36	70	39
2	6	99	12	30	79
9	49	24	1	60	8
5	24	76	13	30	38
41	66	89	36	91	29
40	1	84	71	37	19
26	93	71	7	43	89
91	66	39	18	33	5
8	1	12	71	58	4
5	37	82	31	26	36
38	58	63	30	92	16
18	83	86	45	96	80
31	75	95	76	46	41
17	39	10	64	26	99
19	99	89	31	58	47
15	12	83	52	49	95
38	98	91	29	71	72
71	37	81	38	2	2
46	57	78	74	18	1
99	62	34	29	7	38
4	66	56	73	8	38
78	96	33	56	32	7
73	68	94	17	43	89
87	19	10	63	5	64
83	80	21	17	63	8
73	3	6	69	62	37
49	74	93	79	85	26
54	93	91	71	4	50
57	18	91	90	41	78
51	40	10	89	44	25
30	58	98	31	28	1
49	58	17	5	32	53
57	28	77	81	42	57
59	44	98	93	28	10
39	80	87	66	44	32
97	21	66	53	30	4
79	85	38	54	95	48
58	26	8	13	54	40
79	8	56	65	84	68
62	13	37	52	46	60
74	52	1	70	8	33
22	38	86	15	27	64
23	86	21	16	13	74
88	69	10	25	75	14
77	35	15	11	37	43
51	42	5	2	52	17
78	25	24	89	28	61
43	38	11	76	43	11
46	11	2	65	82	1
6	73	12	56	22	89
69	19	65	68	53	85
76	97	21	64	21	15
70	81	63	3	62	82
87	44	4	13	87	51
93	82	19	4	82	13
56	89	46	100	81	9
15	100	10	8	50	94
46	19	8	87	19	81
79	40	51	36	7	32
51	27	97	1	39	91
77	81	60	10	34	92
84	71	17	79	77	34
12	18	50	47	44	35
84	42	13	66	90	14
66	60	27	67	61	54
6	28	76	58	20	50
89	11	87	10	98	58
88	40	23	38	19	78
69	54	5	53	5	10
53	74	92	24	39	73
77	72	64	53	54	1
44	20	57	31	54	13
25	33	12	100	64	73
50	81	38	25	74	98
35	59	61	3	27	1
56	77	21	15	87	8
74	44	70	13	33	23
66	41	26	34	41	36
43	52	34	25	21	4
73	15	36	93	47	14
27	2	27	11	81	14
18	33	75	90	32	40
75	27	36	3	40	46
10	41	29	57	5	39
65	47	2	81	59	66
52	78	82	28	26	2
8	34	7	73	38	10
21	60	40	89	16	99
22	100	51	8	47	66
25	39	58	1	44	95
58	11	63	62	22	87
100	42	88	57	100	84
34	84	23	32	91	38
27	97	87	78	57	70
41	65	35	44	29	74
19	64	12	5	38	7
46	26	46	15	35	84
62	74	42	30	20	8
38	57	94	51	39	84
63	42	94	81	20	29
84	24	28	45	18	35
67	98	92	73	89	10
74	49	43	61	25	15
37	56	14	63	84	8
46	20	14	79	78	62
92	80	21	69	97	49
21	58	28	25	53	38
57	11	9	73	42	11
43	40	72	53	59	93
46	87	98	87	59	56
4	48	99	96	33	90
9	38	67	84	64	100
36	59	98	64	8	53
25	19	89	51	69	81
43	58	17	15	15	1
38	86	82	73	46	65
32	38	35	47	41	25
54	50	19	64	44	69
56	54	62	82	15	9
8	28	4	34	94	42
93	27	78	89	86	88
94	77	84	5	80	14
89	46	1	89	4	64
63	22	58	77	75	31
98	13	61	34	56	4
3	82	47	65	58	84
52	68	77	50	74	61
34	8	25	4	37	74
44	38	36	100	80	23
8	52	66	57	42	18
17	61	34	40	12	97
75	74	86	61	98	35
36	17	72	43	30	3
100	91	38	1	25	51
44	66	75	42	76	18
4	3	21	8	90	67
92	51	26	21	4	5
62	6	46	30	51	32
21	15	10	53	49	61
29	92	55	58	50	4
77	1	5	90	61	19
5	69	11	19	4	81
41	19	61	18	14	96
55	62	100	29	29	81
58	92	69	11	55	43
94	66	38	96	2	63
36	100	82	68	51	65
24	42	56	41	30	17
75	36	54	29	2	5
98	2	92	15	72	44
23	53	13	76	41	25
8	7	17	47	48	23
59	78	85	34	9	9
48	61	43	93	95	48
5	66	4	9	22	91
26	25	63	61	76	25
93	44	5	13	32	20
43	80	24	96	83	23
69	64	67	44	82	89
42	50	38	56	75	82
18	45	60	31	16	91
20	87	87	96	60	6
32	2	41	35	27	87
72	98	49	18	100	28
100	3	7	46	54	95
42	10	33	10	97	99
7	92	13	55	1	47
30	32	21	69	15	55
65	39	90	91	63	60
74	68	27	83	59	35
43	6	38	2	95	86
99	81	72	56	59	57
25	28	78	68	77	56
92	83	9	33	78	50
6	1	53	42	63	83
42	13	84	4	4	54
27	56	86	12	44	70
24	76	77	99	44	59
9	32	77	86	61	74
14	7	65	42	71	94
17	26	24	80	9	97
84	29	43	55	30	13
91	98	38	62	63	93
1	74	2	77	79	94
29	10	5	22	69	17
26	66	77	40	63	91
50	28	44	15	91	12
72	79	25	49	95	61
5	9	79	42	55	17
50	100	50	87	77	27
72	15	37	90	74	63
92	18	8	58	16	29
44	54	48	37	92	64
37	6	56	41	49	11
37	24	36	54	89	45
30	13	91	81	21	95
22	31	81	62	91	53
38	50	98	87	47	70
65	14	13	71	19	8
94	51	59	42	85	94
36	10	60	47	35	9
83	16	34	87	69	33
25	64	93	84	71	67
28	22	48	85	86	45
96	40	89	76	19	76
91	70	84	97	54	31
25	64	20	88	91	95
81	56	62	28	11	20
92	33	91	73	91	73
7	48	16	22	80	17
75	6	69	73	9	82
9	36	51	73	40	4
43	97	88	92	12	5
89	33	82	95	47	21
47	34	95	63	8	85
42	20	15	50	21	24
84	83	13	93	1	86
93	51	60	95	43	26
100	17	64	22	44	97
74	20	87	85	62	36
19	35	21	50	37	37
6	90	53	23	82	19
82	19	42	94	85	30
57	23	64	78	78	100
1	46	40	74	78	12
9	4	54	98	71	30
40	23	90	10	33	39
49	54	11	42	42	51
61	96	21	49	26	64
97	1	7	23	100	38
28	92	67	3	3	76
44	23	64	18	38	64
4	20	65	70	13	16
78	57	93	58	73	55
30	93	85	70	11	59
40	66	11	28	42	58
44	97	30	13	36	36
94	73	15	21	79	68
83	82	96	44	91	90
35	64	47	41	48	43
6	90	71	5	61	23
42	44	7	21	92	63
46	42	27	31	57	67
68	20	23	54	81	29
50	12	1	32	18	17
33	29	22	68	1	63
22	94	21	50	73	67
83	25	81	37	54	17
6	30	63	63	71	86
36	5	44	21	53	21
22	78	72	90	11	7
55	100	91	15	63	55
21	31	61	36	24	73
82	47	64	98	68	48
95	19	70	79	50	88
12	61	63	37	60	22
68	33	2	46	1	14
15	79	46	85	92	16
5	49	26	22	90	1
12	13	77	90	27	92
92	27	50	5	46	74
44	94	5	55	22	60
88	92	65	54	4	95
39	7	94	57	46	25
11	39	21	12	22	48
44	50	49	54	55	17
37	49	10	57	85	95
63	31	44	44	62	90
2	81	5	52	23	34
4	42	11	87	97	74
79	35	70	37	75	46
90	75	20	92	92	97
63	53	17	81	39	57
2	31	80	95	20	57
13	84	79	4	88	74
96	15	13	21	97	63
5	1	29	6	71	5
25	72	10	52	77	14
40	13	94	2	38	14
12	9	16	47	67	26
94	49	18	14	55	100
95	81	70	47	68	38
27	25	18	48	50	24
55	71	88	18	14	14
24	64	88	98	99	82
33	73	12	44	35	2
38	26	41	54	95	30
6	100	39	56	86	55
6	97	80	66	30	65
97	52	15	2	72	95
57	72	79	22	44	74
32	55	3	37	96	97
4	100	64	48	53	75
42	71	44	96	58	20
84	71	41	88	48	67
63	51	27	76	49	61
40	56	36	2	55	40
51	92	94	94	86	96
66	41	29	75	57	43
1	32	85	66	51	70
26	48	2	83	47	36
33	96	84	80	12	93
55	37	12	25	86	20
91	41	67	51	54	20
15	56	42	13	35	60
72	80	98	56	84	59
20	29	80	74	80	63
64	37	79	68	71	50
77	3	15	50	93	64
78	68	52	12	46	23
33	25	58	17	90	79
82	85	54	91	94	71
73	76	27	85	77	39
28	68	86	15	69	11
50	25	63	72	50	94
51	26	66	30	59	1
85	78	91	16	92	38
54	30	24	28	76	8
44	47	77	24	75	62
25	61	55	4	34	53
96	20	94	70	51	47
65	96	95	85	28	54
10	34	93	86	32	66
97	53	66	85	67	53
93	39	82	33	8	51
53	7	54	59	24	14
17	91	43	88	43	60
50	100	99	43	43	80
13	50	77	67	17	85
70	96	23	67	88	65
25	69	38	5	12	13
42	15	10	98	57	68
3	78	91	12	21	93
14	63	88	53	54	16
65	74	82	92	91	8
88	58	43	88	79	38
81	55	21	74	20	28
7	17	21	40	67	31
35	67	57	65	34	41
13	11	76	72	94	78
87	37	77	96	40	84
86	32	84	97	8	89
30	82	12	22	24	16
43	72	12	21	42	57
54	47	63	31	71	8
93	10	35	8	17	80
26	78	79	51	6	88
2	4	1	31	39	17
100	61	42	70	80	56
26	17	100	50	17	55
6	70	78	54	77	57
83	84	22	89	49	82
27	75	51	93	60	38
97	13	98	17	77	10
56	45	31	67	75	89
46	23	100	55	38	11
3	33	53	56	60	26
4	74	77	67	54	27
10	65	37	40	68	16
61	25	78	42	26	10
30	77	81	52	25	35
43	27	86	78	24	24
79	15	14	12	100	60
75	16	59	61	89	69
61	90	58	32	8	70
92	19	50	28	17	62
90	67	98	3	28	36
74	63	30	80	27	7
50	94	39	97	89	79
18	55	78	68	82	17
91	82	37	35	46	79
92	86	79	2	83	67
71	27	83	46	69	25
47	92	75	65	90	78
34	33	27	55	56	12
16	91	74	78	38	86
59	21	73	5	39	33
53	83	62	93	49	52
31	43	54	29	92	33
55	52	84	78	50	53
27	88	63	11	22	62
87	74	1	51	11	25
51	82	73	76	72	65
100	30	99	17	64	74
41	18	89	66	44	90
71	45	72	76	51	61
99	11	73	39	10	75
55	93	8	22	44	83
14	15	42	64	85	73
82	88	74	41	27	38
7	62	7	34	73	5
75	81	84	14	22	66
38	24	8	69	37	75
58	93	68	68	78	16
32	77	68	78	37	20
23	3	6	85	37	69
17	66	86	53	44	8
7	28	29	10	78	38
24	77	56	90	55	22
7	10	99	34	71	25
46	61	20	27	25	62
85	40	4	73	58	58
1	93	24	65	75	48
85	62	77	56	16	64
91	58	61	60	8	33
80	97	4	77	56	65
52	21	97	25	69	97
84	62	43	47	3	6
93	14	41	20	61	13
63	90	47	17	100	46
54	67	68	80	23	90
58	23	26	15	48	55
55	2	96	13	57	86
57	55	31	26	51	57
30	57	24	54	65	39
24	67	31	1	56	67
7	65	60	1	37	88
46	49	81	14	80	11
13	51	90	11	81	4
27	96	38	48	69	72
22	2	21	99	44	49
66	53	68	73	64	21
56	20	77	84	91	25
39	43	70	91	32	76
25	26	80	54	18	63
20	82	21	70	73	28
76	68	71	48	66	58
5	25	30	62	32	91
47	60	49	9	59	20
77	52	41	45	46	94
19	4	48	30	22	63
20	55	45	53	70	24
18	19	83	82	92	80
100	86	96	84	43	78
59	68	93	5	41	48
29	57	87	18	45	23
79	88	83	91	78	42
87	38	100	86	17	32
36	59	78	74	75	39
25	72	91	12	46	39
29	74	51	80	29	51
32	65	27	2	86	46
91	53	7	61	91	40
51	39	61	85	36	42
73	68	97	25	90	83
61	83	52	58	1	58
79	14	43	70	41	44
99	85	7	12	37	11
68	59	34	13	4	76
63	75	48	52	91	24
12	39	42	5	66	9
7	65	84	29	46	68
63	99	83	25	56	91
88	50	44	18	48	48
33	16	42	8	94	56
26	92	45	2	43	30
30	23	67	15	68	22
100	42	68	13	34	67
49	39	54	93	28	53
20	8	27	24	85	30
72	82	11	21	6	23
29	94	15	12	86	72
83	96	28	7	73	39
56	86	42	18	15	53
6	12	39	71	21	26
73	27	22	7	17	52
46	72	74	36	57	31
76	18	88	35	50	20
27	35	79	80	32	91
91	82	54	65	13	29
43	38	12	93	95	67
92	65	68	22	82	72
76	11	76	47	58	33
45	97	87	33	77	68
60	46	87	32	28	38
29	23	54	92	24	15
69	54	38	6	80	85
60	61	50	31	38	71
90	94	50	35	38	55
55	48	17	41	82	30
65	49	9	84	78	34
48	18	11	65	47	83
46	15	27	62	71	82
60	56	84	41	100	61
19	66	63	21	20	37
27	55	87	38	4	3
93	72	62	31	92	62
23	36	83	48	9	89
41	79	4	6	63	97
69	49	95	93	65	48
84	28	19	43	14	36
37	16	3	41	19	35
91	77	3	85	80	58
68	64	43	54	81	54
95	70	48	41	58	10
48	28	32	41	92	9
73	11	95	76	3	97
38	17	63	6	70	79
43	75	65	8	37	41
76	45	33	98	3	90
87	58	36	40	88	100
7	52	16	64	24	39
48	36	52	38	83	82
89	10	5	48	67	52
86	19	91	71	97	56
58	18	58	15	56	22
84	93	81	56	29	40
39	2	17	16	64	90
3	41	66	3	89	99
11	3	63	41	73	34
3	92	36	63	75	36
62	42	67	24	87	67
14	73	31	37	1	10
16	56	46	74	37	66
65	69	98	25	97	85
32	78	83	1	70	1
17	67	42	78	75	53
8	46	81	45	22	39
60	79	39	47	100	49
3	63	18	38	74	18
94	38	97	97	77	12
49	99	71	97	27	76
91	36	84	78	91	71
11	54	58	35	85	9
68	16	38	23	95	69
56	62	99	47	14	75
17	70	22	10	40	91
81	74	20	29	75	56
83	53	25	4	79	45
31	95	60	93	68	65
17	70	70	70	36	30
13	74	71	18	40	38
42	96	1	56	79	56
1	25	81	79	86	16
69	45	26	91	37	26
78	45	72	64	71	26
5	31	96	51	66	28
45	37	1	22	82	29
76	37	27	25	18	93
36	32	29	85	11	55
84	98	93	90	71	95
47	15	53	68	41	57
74	11	69	64	73	79
86	26	89	88	2	2
56	75	75	94	92	56
67	24	15	39	75	80
96	22	37	9	90	19
64	6	10	65	37	27
41	18	27	44	30	86
75	23	66	36	16	59
99	47	71	48	56	67
75	1	48	23	37	77
97	62	17	19	84	33
53	31	11	58	67	34
9	27	86	5	45	58
84	8	28	31	26	36
45	55	59	31	27	34
37	63	19	100	31	35
91	38	89	29	8	39
96	80	45	67	18	65
99	5	78	93	61	84
74	31	24	42	78	22
70	99	16	60	48	18
45	88	86	23	65	70
32	83	36	97	4	34
57	25	61	30	93	66
57	80	16	89	82	59
88	64	77	14	46	32
33	79	100	80	86	29
71	24	51	5	43	37
92	48	39	80	81	100
16	62	55	74	49	62
7	71	43	51	31	70
100	32	85	60	3	79
26	14	77	5	5	71
50	36	49	66	99	75
2	45	38	68	95	4
69	52	44	70	91	70
63	43	53	33	43	22
63	78	13	97	96	93
58	75	55	86	8	82
40	30	10	46	57	89
95	44	6	69	75	77
23	36	33	87	83	79
58	9	58	35	4	18
77	9	44	10	44	41
19	80	38	9	87	67
46	55	39	75	12	69
52	55	87	69	49	20
73	76	97	28	1	26
55	49	20	66	6	47
98	71	51	12	71	6
78	89	84	25	3	20
28	36	13	97	50	78
35	98	40	69	45	78
75	5	73	18	29	35
86	78	44	54	64	90
19	94	42	74	36	84
72	48	5	18	23	68
4	44	22	61	51	25
78	16	90	62	55	35
39	15	87	33	42	4
91	70	34	73	56	76
92	70	86	68	30	37
14	88	4	71	26	38
44	92	1	87	36	93
85	85	70	61	14	78
23	22	50	9	32	25
22	9	62	87	48	22
51	47	90	94	90	64
45	32	94	44	23	87
61	92	86	11	78	16
56	7	10	13	27	18
24	39	47	36	47	96
85	37	93	68	13	30
66	81	66	64	76	94
26	81	16	21	72	43
6	85	77	65	64	32
54	96	88	2	30	56
29	9	34	34	58	46
10	73	38	23	22	89
80	68	2	86	60	25
18	71	71	94	33	64
6	77	65	97	14	99
67	87	55	91	34	43
20	61	39	14	90	65
81	56	44	35	65	53
81	95	25	51	25	81
59	10	19	17	6	89
52	89	92	94	16	94
68	4	63	8	66	39
23	19	7	84	81	59
46	8	24	43	97	74
56	92	51	12	38	68
22	66	36	41	71	58
91	46	74	9	31	37
66	99	17	49	36	84
68	47	26	26	48	60
76	33	71	83	92	11
82	26	99	96	4	27
51	30	5	78	22	62
79	68	90	42	21	36
20	73	92	28	50	8
2	57	3	62	83	74
34	26	15	14	99	98
8	6	54	69	31	19
88	63	80	53	15	57
63	38	6	19	92	65
10	13	97	39	77	87
29	50	87	45	85	18
60	19	52	53	57	29
78	66	1	99	93	71
8	8	31	90	51	54
51	16	62	27	49	11
73	84	65	67	48	65
34	74	60	27	50	80
16	24	55	34	43	97
28	98	42	86	44	1
86	35	70	20	7	74
17	71	24	78	14	56
97	51	93	25	60	33
99	12	97	70	14	51
40	24	96	61	4	41
53	40	32	12	15	69
5	36	50	2	36	19
68	100	45	70	81	46
37	33	53	49	68	71
8	38	23	21	100	70
53	62	82	93	81	62
1	45	80	57	76	28
14	70	61	56	43	71
5	25	25	31	1	90
52	81	66	63	72	31
59	46	84	98	40	23
87	62	75	93	14	92
95	42	99	47	79	22
4	61	70	56	100	91
40	98	6	95	42	70
21	4	67	11	30	72
10	91	67	69	4	49
68	86	92	62	43	97
68	54	8	56	57	69
20	30	72	7	48	95
78	16	1	52	31	27
64	40	46	12	68	71
60	85	55	37	74	1
21	4	62	78	79	64
35	59	91	27	73	80
81	29	9	86	62	67
18	83	69	94	46	75
77	21	35	81	98	25
20	18	6	6	23	32
66	88	18	4	92	37
42	26	90	18	22	92
21	25	35	19	78	49
96	35	52	36	49	29
38	82	74	93	68	19
50	1	53	58	53	44
36	32	10	66	77	44
97	52	86	57	21	28
83	4	95	32	37	82
60	12	52	72	64	35
82	99	1	34	98	77
65	72	54	96	96	18
90	38	60	7	36	66
14	5	68	74	89	5
26	71	64	37	4	80
6	95	74	28	20	43
20	18	67	81	59	60
62	20	39	16	60	22
49	35	12	58	11	26
59	90	27	38	54	54
85	75	86	89	59	48
26	9	23	57	3	30
78	60	30	33	83	39
19	75	16	91	100	33
87	98	20	23	91	24
57	97	36	44	52	14
7	4	94	7	77	64
85	57	92	14	95	77
85	75	81	31	86	18
51	97	88	40	93	70
12	14	81	96	47	17
20	34	11	89	63	30
97	100	45	56	6	91
58	14	11	45	73	90
74	19	87	3	56	38
8	22	80	97	77	29
99	80	32	55	42	76
16	41	10	19	21	68
22	97	97	84	62	95
2	38	43	82	30	81
84	72	72	9	32	30
10	83	74	32	64	61
82	56	40	34	95	55
41	44	71	20	42	29
76	62	56	15	40	88
64	88	53	33	77	92
57	20	1	78	90	15
84	9	9	88	50	52
47	99	47	5	87	19
11	16	11	18	98	27
29	99	82	84	27	30
18	34	92	100	23	9
6	2	8	24	91	97
40	3	72	16	83	53
99	20	30	93	94	45
99	40	12	82	19	98
52	7	98	50	7	88
92	89	35	78	16	20
26	42	21	61	60	91
71	37	99	43	52	56
13	46	37	71	6	7
48	50	21	70	39	85
71	32	68	3	48	99
67	88	64	59	8	59
47	55	64	37	33	1
80	64	54	20	12	39
57	5	62	10	82	14
66	38	56	27	8	49
94	39	29	12	54	2
11	77	85	78	32	40
62	53	25	36	71	12
69	87	7	65	69	4
53	56	10	10	46	63
97	53	5	57	64	24
84	45	42	23	22	73
1	7	74	10	4	100
86	25	22	72	19	29
64	79	71	59	81	17
60	49	2	29	22	12
41	34	47	68	10	16
52	21	94	72	53	84
27	65	14	54	27	20
95	6	26	45	27	60
90	45	16	34	37	9
66	100	58	19	14	66
78	39	71	12	70	22
66	59	99	32	59	7
59	84	36	61	100	92
44	84	20	87	51	69
44	56	5	8	50	26
36	19	100	6	69	29
43	61	99	17	4	4
73	86	28	10	58	100
2	11	59	63	25	6
84	47	36	86	5	45
1	90	87	80	100	76
97	23	33	9	87	70
26	70	86	17	47	77
1	19	80	29	53	89
4	33	20	87	64	8
26	31	15	10	46	14
42	6	62	95	17	80
78	35	60	2	46	36
71	81	59	17	83	36
85	33	15	82	62	2
35	75	13	35	6	5
95	16	65	98	9	68
15	42	69	34	31	29
81	66	49	47	62	29
57	45	86	93	50	29
36	55	64	67	63	74
78	33	48	13	41	49
98	84	5	6	70	50
30	87	95	82	36	10
50	20	89	24	95	42
66	37	42	38	22	66
38	98	93	44	43	12
75	51	75	77	65	11
49	12	33	11	30	81
48	18	18	57	16	11
40	9	69	24	48	23
65	46	66	27	78	26
96	43	7	13	82	68
92	98	5	66	79	53
61	14	95	3	53	30
28	40	17	13	23	51
74	13	51	88	57	54
63	24	23	8	4	92
35	94	37	59	56	57
94	18	60	92	51	89
69	31	6	100	36	25
58	39	93	85	42	99
22	15	91	69	41	50
89	77	22	28	98	20
90	36	33	42	18	76
45	64	68	89	62	19
21	86	47	38	41	100
82	29	22	93	51	2
95	38	8	31	76	62
22	70	100	81	21	49
96	88	54	10	53	60
65	6	13	21	74	70
43	8	63	31	87	46
22	83	15	59	63	23
27	17	8	62	99	83
9	88	47	8	12	15
49	46	7	72	74	44
77	93	91	50	29	79
63	57	30	79	69	25
94	34	24	33	74	17
20	12	16	65	81	30
59	24	28	62	5	15
72	36	81	45	2	22
59	41	49	95	63	87
13	83	12	27	57	17
5	3	64	72	94	12
48	58	17	15	51	19
42	62	37	12	83	35
65	62	22	25	91	9
37	6	36	55	80	10
7	58	14	60	10	53
63	98	99	70	69	30
13	98	12	41	28	96
2	33	92	38	90	37
49	17	3	67	38	66
8	74	6	47	88	76
27	73	15	61	36	6
33	33	20	90	100	92
58	7	18	71	52	36
3	90	92	51	88	59
52	19	14	78	11	6
43	52	47	83	59	95
77	11	5	73	42	42
54	63	72	74	45	13
47	40	86	54	83	25
63	59	47	17	12	26
4	50	64	53	32	44
41	67	64	71	14	2
64	57	27	3	62	89
34	99	74	68	1	50
17	44	64	78	16	26
84	30	69	69	86	48
55	56	70	50	64	94
53	79	68	52	62	98
29	52	21	94	43	31
7	1	24	36	35	80
93	62	4	48	21	33
90	87	87	80	41	13
94	4	21	29	10	25
52	1	60	2	5	86
17	41	13	91	67	88
18	87	92	93	3	94
19	45	26	40	65	54
16	12	78	41	38	58
7	17	90	86	18	93
9	94	36	84	45	3
34	36	49	57	62	7
9	47	8	71	85	68
10	57	17	91	91	88
23	43	10	67	96	60
27	72	76	37	88	38
64	55	13	2	50	74
6	27	90	46	19	21
83	6	5	71	38	53
73	10	77	68	31	21
34	53	41	93	8	58
22	80	25	82	9	55
49	39	30	70	73	76
94	53	94	62	64	13
2	77	52	28	48	90
13	5	70	28	51	18
30	24	40	75	79	39
70	97	15	25	6	50
97	5	19	86	60	63
66	94	49	36	98	73
91	31	80	58	65	65
83	46	26	63	73	94
77	24	36	88	23	46
77	100	8	56	12	50
76	86	26	96	74	67
8	28	7	84	15	39
24	50	85	6	19	12
78	41	63	27	62	77
97	4	23	56	60	66
24	78	66	85	63	79
29	17	74	11	22	31
41	83	32	34	61	14
73	20	25	13	11	54
40	93	72	87	12	10
63	28	44	9	50	25
76	8	40	27	32	82
16	80	39	27	79	8
20	50	88	33	52	81
61	70	44	53	17	99
42	77	31	46	16	50
28	88	14	29	82	99
19	91	54	49	75	74
14	81	40	98	59	19
6	43	40	10	27	39
19	91	56	66	22	12
96	46	29	12	22	51
61	90	40	12	39	19
64	64	52	65	23	28
55	83	34	91	12	49
45	82	96	89	2	25
41	29	74	14	27	68
85	99	92	99	22	20
11	74	49	17	53	92
12	42	13	39	94	70
12	10	74	17	66	100
61	60	78	84	34	69
86	12	93	34	52	41
21	92	6	79	95	53
71	99	24	87	23	12
32	18	72	40	49	60
9	52	76	43	76	53
10	95	46	54	73	55
67	65	84	31	50	2
74	42	3	30	39	7
79	78	30	40	51	77
54	27	29	22	38	16
53	93	72	39	83	15
41	80	82	90	12	34
97	68	14	44	11	67
73	26	3	23	36	4
87	100	60	56	98	91
65	83	99	2	91	15
25	12	47	41	40	21
36	24	1	33	37	99
61	63	90	77	64	69
88	60	55	27	91	80
48	98	5	44	67	71
14	77	39	82	1	34
9	62	26	25	51	99
83	99	74	38	4	80
35	16	13	87	21	68
39	49	63	10	16	26
82	80	62	2	86	82
7	80	50	4	96	30
74	63	92	54	36	60
99	5	24	98	15	61
88	32	57	73	62	4
100	22	23	64	26	84
64	74	35	17	31	11
82	81	69	37	18	71
40	88	48	21	71	88
83	79	53	71	17	22
59	90	45	50	5	42
64	67	13	27	98	64
45	76	38	92	23	30
39	54	97	84	51	71
35	77	11	50	76	19
87	41	22	57	31	1
57	35	25	91	98	10
56	47	46	20	76	6
60	29	19	68	25	46
32	20	3	95	73	45
19	17	71	21	28	85
75	42	3	65	78	24
16	40	12	48	40	4
40	35	56	80	16	70
14	49	20	73	83	33
71	52	32	37	59	76
100	31	76	75	65	23
44	47	6	30	55	78
62	4	73	31	6	95
5	95	98	23	7	10
31	73	84	4	52	40
26	97	95	19	56	86
49	42	81	24	99	57
83	15	7	73	72	54
36	43	2	53	5	34
49	80	12	89	34	26
28	70	75	92	3	30
61	54	85	44	60	55
25	79	40	19	88	72
49	22	40	59	73	66
1	58	8	67	77	74
82	47	41	38	43	12
96	95	48	57	36	30
32	49	79	87	84	89
38	22	12	40	79	29
87	60	5	90	82	43
93	76	66	67	64	26
3	69	49	78	67	98
30	85	20	56	33	20
44	37	99	86	68	57
76	47	68	68	87	39
67	17	80	57	31	9
55	76	81	99	85	26
63	62	58	67	36	79
76	56	19	76	1	81
22	55	91	35	60	47
54	21	73	51	14	99
39	94	7	73	1	7
100	88	43	14	46	65
91	95	86	71	59	47
88	38	82	92	41	87
19	25	26	37	42	19
3	73	42	2	46	52
83	70	13	14	76	27
55	28	68	53	4	48
53	72	12	96	13	99
46	98	60	62	68	64
26	79	60	31	75	81
87	28	95	21	51	98
95	58	49	55	73	21
25	77	21	65	43	68
84	97	21	8	14	96
57	90	12	2	93	89
87	37	35	56	33	41
33	5	62	2	91	2
73	100	79	71	44	81
1	10	18	100	92	64
14	22	19	72	7	54
37	54	7	15	55	93
57	14	57	3	73	60
30	6	70	67	29	30
12	60	73	25	55	12
94	16	10	78	17	43
82	12	77	98	11	5
17	28	70	78	93	18
6	32	37	14	36	90
40	3	56	59	83	75
44	36	75	79	52	39
84	8	59	39	67	93
75	98	30	57	21	27
72	28	8	55	60	20
50	22	96	5	87	8
81	75	50	38	3	21
70	52	33	70	99	53
2	65	37	25	6	71
28	24	28	66	15	90
90	60	20	15	13	25
48	66	10	39	93	59
41	85	6	6	35	48
43	63	43	85	98	80
63	16	80	81	15	83
30	32	98	19	32	33
20	51	67	23	40	44
78	76	23	14	12	41
35	73	52	42	68	22
64	56	21	15	28	89
9	52	58	72	69	99
69	3	54	38	13	13
47	68	19	8	75	75
65	50	41	61	47	69
24	21	12	82	44	62
7	18	60	76	83	24
73	12	91	30	62	72
65	15	23	97	54	7
48	91	44	96	60	22
38	41	84	83	60	52
42	64	41	29	32	82
97	95	15	72	66	54
46	67	40	57	83	76
79	29	55	23	59	73
68	69	89	33	9	50
22	96	61	96	23	26
75	14	17	98	88	68
16	11	98	100	54	47
7	16	14	68	81	73
58	31	45	4	25	91
10	21	85	73	38	85
75	50	79	11	59	81
98	98	99	45	52	50
46	98	6	94	89	66
80	89	14	88	93	38
82	10	8	36	10	83
17	2	41	18	16	70
19	50	91	79	15	78
12	83	84	44	4	97
20	13	7	42	67	76
10	80	73	65	56	89
42	93	16	75	76	48
68	78	41	51	48	8
14	76	36	68	98	65
23	90	29	74	64	8
99	46	44	7	62	96
59	28	45	98	94	40
68	94	53	61	11	20
62	12	73	87	43	67
49	57	80	58	63	36
11	61	92	81	16	75
12	36	27	100	74	11
73	56	34	28	57	69
45	48	6	62	95	61
81	25	62	38	70	52
61	95	37	78	87	53
81	57	93	93	98	45
39	81	95	54	88	4
92	87	29	63	42	45
26	12	80	89	59	10
66	99	74	79	43	33
25	71	49	37	13	52
60	80	43	45	20	100
97	34	52	50	57	63
68	92	80	95	8	84
56	40	51	48	36	94
80	84	85	12	18	26
63	61	89	15	59	60
82	72	17	31	10	80
70	33	77	88	47	62
42	73	36	84	97	100
51	20	94	63	98	30
23	7	50	60	42	33
14	41	99	11	45	2
11	28	91	80	41	31
65	45	75	28	60	92
30	42	63	91	52	60
55	85	15	47	43	30
80	30	31	92	32	56
29	69	85	1	3	41
59	54	69	53	40	96
66	9	85	22	20	19
13	2	11	91	70	46
52	47	17	91	39	56
68	80	64	93	19	64
13	91	14	29	35	34
11	62	54	25	65	40
95	9	40	60	21	8
72	75	88	2	15	41
67	32	17	95	59	31
19	59	86	80	86	19
25	49	99	78	81	36
45	4	80	21	49	21
80	10	9	58	50	93
28	58	9	3	68	18
6	1	13	33	85	76
83	88	25	84	67	19
88	24	49	66	58	93
41	89	43	51	36	52
32	75	37	43	60	34
12	80	6	34	18	2
17	68	23	79	3	8
91	2	40	49	89	5
67	47	84	48	40	90
24	85	43	100	18	84
63	86	17	36	8	82
93	67	92	96	78	41
72	40	45	29	95	55
97	46	74	43	79	56
21	18	71	56	53	63
24	59	6	31	69	62
79	4	39	9	50	68
55	87	61	72	32	52
55	8	19	21	42	69
54	53	1	95	8	80
28	66	83	13	79	45
15	23	83	39	90	9
38	35	87	70	61	57
97	76	17	25	36	71
23	41	75	42	58	73
87	12	39	39	19	80
41	60	99	52	20	97
49	76	65	12	6	13
62	88	56	78	40	38
17	78	24	18	20	24
28	36	62	57	84	41
3	46	31	81	49	91
29	53	76	26	82	34
24	71	56	37	43	94
94	67	10	79	48	21
96	57	59	12	14	45
74	19	71	24	24	50
39	65	54	27	65	18
48	96	61	96	73	32
47	49	90	80	5	22
73	90	75	3	78	30
47	7	89	31	35	58
13	41	21	15	34	99
48	22	24	96	99	16
1	72	96	87	62	23
11	50	71	50	9	19
46	21	35	28	22	27
87	1	85	61	9	99
12	78	63	12	68	4
41	74	35	32	79	74
32	15	99	56	99	86
2	88	66	100	32	79
100	16	10	22	82	11
81	8	60	48	16	79
10	55	78	26	3	60
41	69	6	35	18	66
68	84	78	87	16	39
89	44	92	42	76	52
94	82	6	78	30	58
96	95	74	53	20	42
46	39	32	15	90	10
76	27	15	96	60	3
87	48	99	4	22	59
34	20	47	68	92	79
54	76	25	86	19	58
2	55	28	2	48	80
22	100	81	36	82	97
76	5	79	21	50	74
9	67	15	70	17	22
66	64	78	29	66	78
84	38	19	53	33	71
26	30	19	65	1	94
41	75	28	60	41	31
89	26	91	63	50	18
12	55	35	46	99	66
21	95	20	75	26	73
56	22	44	100	96	74
67	49	18	87	43	31
2	55	30	94	54	67
36	34	6	86	46	26
41	72	32	24	60	55
44	45	51	92	11	64
32	5	85	70	82	34
43	77	96	99	99	13
72	55	48	13	43	71
31	21	7	8	79	91
69	31	47	81	99	76
13	65	87	71	74	12
79	38	32	34	67	49
4	5	66	90	43	55
75	3	10	27	71	4
49	91	38	64	77	98
64	32	99	64	14	33
15	69	22	88	34	33
77	60	58	27	21	32
92	20	14	68	11	45
78	43	97	57	64	39
81	23	94	8	78	52
57	17	94	95	5	42
67	86	62	34	92	72
32	34	8	9	3	53
23	24	9	98	96	58
96	4	16	70	43	100
30	79	43	11	95	74
71	36	43	29	66	42
41	63	40	76	93	92
94	54	95	39	7	41
85	61	20	30	4	80
2	72	99	47	42	78
6	99	76	34	86	48
82	88	41	91	62	35
92	83	10	29	59	6
79	35	15	39	14	17
12	20	84	6	95	98
49	92	74	32	65	41
33	7	79	85	99	13
96	76	2	33	71	73
64	55	60	71	68	65
46	64	20	17	35	11
26	26	96	33	76	64
36	20	62	66	57	42
30	94	23	78	86	17
8	72	18	97	7	53
97	10	7	80	29	46
49	57	28	51	39	54
56	70	10	6	87	100
25	34	67	93	53	32
59	95	22	31	56	86
42	21	68	50	37	82
35	32	91	12	98	23
39	86	66	31	49	46
24	20	56	21	13	5
86	68	91	73	73	68
25	70	63	77	49	5
27	51	67	98	65	18
42	50	72	45	100	5
18	23	20	91	96	76
11	99	35	89	61	1
21	75	36	85	67	64
91	56	67	64	54	69
38	50	52	75	8	89
81	26	81	99	7	85
65	62	65	85	91	12
42	76	85	90	97	70
89	81	91	95	94	40
56	71	74	27	7	24
48	12	61	65	55	98
67	33	45	49	74	5
47	41	50	69	8	2
44	76	93	2	38	23
21	75	59	8	89	30
42	60	65	76	3	40
8	61	71	50	78	21
56	36	99	98	60	64
68	39	46	3	92	89
32	9	95	72	1	41
36	7	18	76	22	15
37	1	36	73	54	88
100	91	98	82	79	12
33	81	61	4	32	59
36	62	7	84	47	73
36	10	46	57	9	95
38	41	33	1	62	38
89	90	38	62	96	63
91	87	46	73	62	98
91	40	4	58	1	59
13	26	63	33	31	23
39	28	20	59	1	28
42	20	80	85	21	72
13	95	13	3	10	34
38	65	27	72	63	44
94	47	92	85	27	23
41	62	99	100	74	12
44	44	66	41	53	99
61	73	73	70	27	75
80	26	81	17	83	56
94	45	53	6	43	27
59	7	28	47	81	84
33	2	53	91	55	87
1	34	45	3	11	84
92	57	70	38	4	93
31	60	82	46	26	82
8	42	5	14	37	76
69	100	78	52	67	42
10	34	26	69	19	91
50	81	35	62	73	15
40	74	57	35	22	86
38	49	71	10	84	13
55	66	38	98	43	76
87	70	97	4	71	33
82	18	38	40	19	86
33	56	74	46	2	25
66	24	24	83	100	33
60	100	68	85	68	98
86	83	43	51	39	9
82	58	73	51	54	82
23	83	17	25	87	15
9	85	30	73	90	3
70	78	93	20	14	10
52	5	51	54	12	67
39	77	81	96	48	69
50	69	37	62	16	36
17	80	79	14	75	72
25	71	48	40	30	45
23	66	84	42	79	50
96	51	51	65	69	75
26	36	26	67	66	40
78	82	3	42	57	65
12	37	17	93	69	33
95	49	84	7	77	65
80	100	77	3	20	10
70	48	16	19	19	47
39	32	49	53	86	99
52	8	37	54	5	3
23	87	57	2	7	70
73	50	33	57	88	55
38	66	99	17	35	70
78	71	4	41	40	56
14	96	49	26	99	25
22	79	68	9	22	85
89	33	13	74	26	33
40	94	73	40	7	3
71	23	48	60	3	85
28	5	5	76	6	91
11	75	96	56	88	4
60	31	91	77	95	34
12	74	54	51	85	12
40	7	16	48	52	23
44	84	41	83	72	70
83	95	79	71	42	50
38	95	94	20	33	37
44	83	58	91	1	36
54	46	30	86	28	44
50	40	78	78	88	74
81	87	95	90	77	56
60	75	2	80	5	39
28	7	53	2	53	35
56	10	5	80	2	21
96	61	6	8	57	61
71	46	71	88	44	53
95	80	74	68	93	79
37	37	57	94	95	65
28	55	29	42	70	9
69	72	25	54	15	8
87	84	63	94	14	52
35	100	15	49	3	50
29	58	17	46	73	41
78	100	74	45	57	66
59	77	62	23	17	74
26	13	68	2	44	78
32	27	38	22	24	24
34	68	24	86	11	75
67	47	97	48	14	46
50	51	69	92	12	91
78	44	84	68	21	6
32	1	6	12	34	36
60	14	93	63	28	61
75	96	79	75	75	38
84	7	81	91	42	69
14	1	67	45	100	64
96	76	15	48	16	59
10	90	66	60	33	59
51	85	94	83	9	22
34	78	50	100	9	75
60	39	46	75	73	100
26	90	97	35	9	12
44	74	93	17	25	45
76	5	45	6	9	79
48	91	43	83	56	80
57	75	29	82	81	64
36	25	93	43	85	52
74	98	4	37	30	98
74	41	72	14	86	26
88	43	51	37	44	22
53	44	89	84	37	23
49	57	36	99	50	45
26	78	21	75	32	83
69	64	49	78	96	24
31	92	28	32	45	70
28	5	42	44	4	76
81	83	63	83	80	37
19	32	27	89	91	88
70	8	60	31	35	77
66	51	46	56	5	20
9	71	64	33	20	68
56	39	12	49	70	28
11	86	82	46	93	14
98	93	5	41	34	59
45	4	18	6	9	75
99	28	86	49	68	12
43	67	91	88	49	6
2	96	96	65	42	20
16	79	68	41	10	82
92	69	75	57	76	62
5	48	49	68	74	95
62	53	36	11	16	7
7	38	32	60	54	96
45	36	32	46	45	60
49	12	80	98	25	51
87	49	28	77	79	87
61	10	77	35	59	75
34	98	17	85	100	98
12	53	69	33	28	38
88	8	36	19	61	27
60	24	88	85	43	83
8	83	12	76	73	24
91	73	6	16	10	44
89	50	20	1	100	24
1	96	62	94	24	22
33	61	98	10	27	32
50	18	5	12	50	11
58	55	38	51	3	4
21	46	98	48	72	21
54	82	37	54	27	64
36	94	81	6	99	73
23	88	41	31	64	12
79	14	76	46	18	8
65	27	78	11	16	68
55	7	24	69	61	53
47	16	84	78	100	51
74	23	80	56	48	55
17	70	1	89	29	26
60	80	25	65	72	60
57	84	17	53	66	41
68	28	63	73	59	66
63	92	96	29	89	24
32	19	55	1	54	68
18	8	89	72	25	73
40	1	36	42	34	47
59	25	8	16	1	27
21	87	27	100	54	80
77	73	28	62	60	61
77	61	88	64	63	37
45	81	57	75	70	95
28	21	46	15	53	63
39	88	82	59	78	65
55	3	51	93	71	5
53	60	9	98	10	25
82	36	40	43	80	24
67	41	62	44	29	28
22	36	40	89	69	76
52	27	58	29	8	84
71	91	4	57	76	14
93	2	6	87	2	95
31	43	40	51	99	24
84	61	53	17	85	33
27	82	1	93	12	58
100	68	90	99	76	75
78	68	28	32	90	36
40	91	14	58	74	50
89	90	9	35	2	76
100	34	19	51	64	42
55	84	73	34	60	84
31	45	73	83	35	50
6	16	4	43	13	64
52	74	97	84	32	100
19	63	74	78	22	31
95	83	91	77	8	81
8	36	54	12	1	16
88	85	31	61	41	85
35	34	97	38	65	70
40	77	9	28	16	77
70	43	76	16	17	53
90	4	6	44	29	53
69	81	16	79	34	39
64	73	67	24	99	83
47	100	50	80	19	44
81	92	45	24	88	98
14	76	36	94	85	54
94	29	9	37	45	72
8	73	3	99	63	65
5	4	30	11	31	37
65	75	38	90	61	76
83	27	96	4	81	89
96	25	27	84	14	65
70	51	45	77	72	18
17	48	16	32	91	29
44	43	50	34	57	91
93	37	60	90	61	23
14	39	4	81	10	1
2	92	86	47	89	55
42	63	84	6	66	50
47	56	18	45	61	60
96	96	70	16	52	88
21	78	79	49	15	21
5	81	62	78	92	53
17	34	46	26	20	88
36	47	65	25	62	72
87	25	79	52	62	9
75	73	65	20	37	60
13	58	63	70	77	47
7	19	29	82	93	89
97	31	41	81	30	58
65	12	13	37	11	91
89	67	75	68	6	94
66	55	70	40	33	83
72	41	17	5	1	24
70	28	65	70	1	27
2	16	66	80	98	5
97	99	43	22	96	70
12	73	32	83	69	47
2	46	16	45	74	69
11	57	67	53	44	96
65	96	99	87	11	14
93	69	87	17	25	33
70	78	50	70	85	89
38	74	85	25	24	44
57	35	6	3	25	38
56	47	68	63	51	77
22	62	21	16	53	19
30	30	48	69	75	11
93	54	24	19	57	68
29	7	47	52	28	17
76	24	63	83	28	10
99	71	9	86	84	30
21	77	74	23	79	49
70	91	65	75	8	39
39	24	64	38	57	35
36	82	72	56	42	42
71	20	98	99	73	78
62	40	65	81	30	78
37	76	86	41	79	21
60	4	24	97	52	51
99	68	98	34	81	69
40	96	9	77	85	51
96	55	56	13	65	60
50	35	54	95	15	34
18	25	53	3	29	47
21	96	69	88	46	60
90	7	31	93	43	31
42	35	20	28	3	89
48	20	13	29	54	100
1	12	42	84	23	36
78	41	89	76	98	44
20	86	61	62	79	40
38	30	33	59	85	12
31	93	87	98	46	98
5	75	14	27	69	95
48	95	43	94	3	27
34	100	68	26	18	88
77	47	58	2	32	97
49	49	5	39	28	58
68	71	36	31	93	32
57	59	12	91	76	80
12	94	69	46	18	60
62	50	51	82	25	100
18	1	76	93	88	78
55	36	19	86	46	70
70	20	2	64	60	60
11	47	58	79	42	49
25	32	79	36	65	39
16	13	1	64	6	59
10	66	38	49	53	86
95	68	43	67	32	53
19	83	80	86	70	7
7	86	38	91	80	86
53	63	54	40	62	16
79	49	91	58	19	40
44	64	97	75	33	23
12	19	58	13	84	95
26	28	71	80	96	49
36	41	31	92	28	59
96	11	69	78	89	38
18	9	51	80	62	42
88	60	63	75	88	3
26	41	75	67	47	54
99	31	42	51	65	53
94	38	21	78	68	70
46	70	65	7	81	73
30	59	60	65	25	1
46	20	12	45	95	48
43	69	92	83	51	52
5	50	42	50	28	98
98	39	61	89	7	99
46	78	81	38	63	93
39	45	62	45	22	12
79	43	82	32	56	67
57	48	77	4	77	79
87	11	32	10	21	11
4	41	85	84	60	67
26	94	68	94	83	100
31	22	52	85	41	36
63	85	27	55	4	1
86	83	86	40	92	19
15	51	43	24	23	85
32	49	6	11	26	88
30	78	31	7	55	86
97	10	95	15	39	95
16	19	47	98	37	66
40	35	69	100	5	58
32	12	47	19	90	35
18	68	47	1	16	31
28	44	44	12	28	95
8	29	59	24	32	85
12	89	38	73	84	74
100	51	23	45	31	42
19	46	52	10	55	41
9	27	17	8	21	20
19	33	21	87	41	18
83	29	78	36	74	1
37	72	6	48	58	61
51	40	54	86	96	12
16	86	68	55	73	79
41	20	41	7	62	59
37	30	43	70	92	83
92	1	4	11	62	11
100	36	25	72	44	60
1	3	65	98	44	19
64	94	11	93	99	41
78	16	53	31	31	47
57	84	49	63	2	52
81	33	88	65	4	78
7	75	25	65	67	79
75	36	90	1	6	26
63	6	44	87	23	60
91	50	64	25	78	80
1	40	17	47	53	64
39	77	74	5	29	50
92	47	63	29	46	54
53	42	15	90	92	29
61	86	84	93	5	50
39	46	54	9	48	85
68	46	6	84	75	14
54	42	11	31	68	67
45	31	20	47	54	92
38	24	86	86	62	32
56	95	61	88	49	94
72	56	21	76	69	18
18	15	32	95	74	39
39	64	97	44	38	68
89	41	7	51	46	97
61	53	10	40	56	31
46	95	88	62	87	100
52	7	12	17	28	98
86	17	52	63	38	48
25	5	24	90	93	58
70	2	12	2	5	25
59	87	99	67	3	92
3	99	60	85	9	90
23	10	3	23	43	4
56	47	86	58	56	94
20	37	33	26	35	46
29	68	3	62	81	19
82	63	24	45	37	78
62	65	27	30	83	2
88	7	40	3	52	9
21	85	87	34	87	40
10	98	39	92	62	46
57	66	12	66	43	82
95	35	74	19	39	57
60	31	90	30	41	72
60	63	49	6	8	79
66	98	55	98	47	87
11	3	6	18	99	12
12	31	10	83	14	37
4	50	8	45	16	25
94	43	1	18	17	71
53	50	3	1	67	22
58	39	63	39	42	32
27	11	1	45	64	1
60	47	6	54	49	95
82	57	46	80	23	20
99	28	49	54	73	78
12	70	95	75	30	85
1	45	26	32	79	96
82	65	91	13	15	56
94	9	19	29	25	19
54	22	3	51	69	29
68	32	9	77	51	91
75	96	75	52	5	57
90	63	13	58	93	17
7	69	80	96	50	97
62	12	1	41	68	36
75	37	60	37	1	78
81	97	49	74	37	44
5	13	72	98	25	49
85	13	77	3	14	59
55	45	6	87	7	41
97	27	46	67	72	98
61	56	36	53	40	97
35	47	31	82	52	67
74	94	8	58	81	89
68	28	36	19	19	17
22	49	64	58	30	67
44	82	23	63	100	58
5	50	11	82	20	18
28	53	25	74	77	28
10	83	38	63	48	82
67	28	81	51	15	55
1	74	91	76	80	78
89	86	10	37	85	9
28	81	40	76	58	63
65	21	7	50	70	69
38	47	96	28	40	42
51	91	69	6	58	16
50	67	31	22	29	9
14	12	18	19	51	67
21	24	58	3	99	38
32	34	28	76	8	94
67	95	78	7	63	64
33	41	70	52	56	5
6	66	34	39	5	21
45	40	18	16	66	92
23	5	43	25	22	8
5	83	29	31	81	41
79	29	90	73	27	78
38	59	71	53	31	53
100	4	18	85	94	48
48	40	39	86	90	18
12	58	2	36	24	64
51	45	39	97	1	92
34	78	88	77	89	42
92	69	90	19	98	77
90	7	12	29	63	16
20	69	78	99	97	60
95	76	48	61	68	15
85	73	93	96	43	71
74	39	71	72	90	9
78	25	31	7	54	18
37	76	9	30	71	89
83	21	31	15	4	92
89	65	42	67	37	54
1	97	9	62	51	15
22	17	53	14	61	55
38	33	31	2	95	25
84	9	61	65	53	46
63	77	41	100	77	24
7	60	2	35	19	29
21	74	10	95	20	35
77	34	6	75	83	91
96	3	69	19	52	8
51	20	51	4	51	34
46	19	45	86	94	27
71	25	13	32	98	74
87	24	95	99	99	72
86	34	57	64	62	24
6	84	23	61	86	93
10	88	38	99	73	73
44	53	80	46	32	42
96	79	82	20	16	77
46	8	38	61	80	98
76	7	27	10	67	19
2	99	61	28	48	25
43	92	61	7	79	39
39	55	10	81	23	23
100	73	47	91	51	1
86	49	100	26	14	22
21	89	42	45	49	3
16	93	48	82	5	54
89	70	22	87	37	93
44	49	90	4	31	82
62	39	7	59	30	34
70	84	96	86	97	98
7	78	1	90	68	15
96	89	49	82	33	52
35	4	83	92	93	82
97	28	49	47	6	99
66	47	100	12	99	8
18	31	56	5	82	99
27	98	92	92	65	42
33	56	86	3	100	97
40	65	88	5	29	27
93	60	23	6	29	17
71	90	56	64	100	50
45	45	46	50	23	96
39	68	88	65	77	48
15	63	85	48	73	18
56	42	7	20	9	33
48	2	70	73	4	5
53	23	91	33	100	43
35	84	48	61	14	15
99	95	100	68	28	88
16	100	45	25	27	15
77	95	9	31	6	8
13	15	99	30	53	42
46	5	20	100	64	45
43	58	75	44	30	33
72	33	10	79	13	58
49	56	7	50	64	2
76	10	67	71	27	5
90	10	30	87	48	93
35	54	40	48	69	98
72	9	23	74	27	65
5	8	50	84	96	85
18	36	85	44	45	36
13	52	14	1	47	65
84	83	53	50	40	35
91	66	7	78	71	49
41	45	69	49	91	94
63	77	36	23	37	84
70	79	65	100	11	41
58	74	96	28	69	94
24	82	79	100	1	69
54	87	91	83	46	29
92	6	93	76	52	72
4	72	8	94	67	45
27	91	63	59	11	100
46	44	20	42	72	25
99	7	59	65	48	46
50	21	49	11	18	38
40	99	46	48	80	32
91	76	38	43	41	32
74	18	73	10	68	72
42	58	88	66	50	44
67	38	47	66	19	80
51	25	56	65	91	85
20	13	44	2	24	80
95	60	88	3	77	75
52	50	58	79	72	70
78	60	33	30	39	93
97	81	30	60	39	64
25	46	67	31	35	91
1	39	73	64	6	37
34	11	99	56	61	66
4	74	100	51	66	34
98	15	5	73	99	93
2	32	8	20	96	54
92	12	60	19	33	30
37	26	99	45	92	29
78	51	58	29	84	86
26	26	56	58	64	44
100	61	86	21	95	80
96	62	15	91	98	100
42	6	51	3	71	48
79	12	95	28	54	54
49	36	14	77	99	27
58	55	80	17	54	35
10	14	79	32	97	44
17	75	29	74	71	78
90	85	89	96	90	6
54	15	25	99	97	62
31	19	35	5	57	71
14	3	58	42	18	65
57	60	15	72	52	48
88	67	3	32	30	97
78	1	34	1	82	85
73	21	91	63	37	15
28	77	11	80	72	7
77	51	21	29	4	97
60	20	18	53	36	19
5	25	17	81	66	30
79	80	35	55	29	40
61	98	45	13	16	56
76	46	44	14	1	86
32	55	60	21	54	42
12	5	7	69	65	98
68	20	38	90	81	85
45	65	10	12	84	18
44	38	60	21	27	48
2	65	10	56	48	81
97	2	9	27	12	8
90	100	28	17	21	43
99	4	17	65	51	51
33	53	34	37	25	11
35	40	56	50	24	87
41	7	23	37	56	88
43	50	34	6	52	18
75	51	91	23	84	11
36	6	18	84	89	37
97	38	56	23	58	85
90	4	42	17	78	90
81	32	8	49	7	54
6	35	39	34	91	17
15	28	55	53	49	4
34	31	70	55	13	97
38	47	29	91	76	27
28	21	33	54	8	63
95	54	18	2	7	6
37	11	53	21	42	76
5	38	58	13	85	81
77	18	99	7	34	61
29	32	5	13	88	65
22	37	46	98	74	9
6	36	86	99	17	46
94	54	24	8	53	66
78	47	34	29	36	7
23	8	27	13	85	44
51	67	99	62	17	34
83	69	18	42	13	12
94	73	70	81	85	46
76	46	6	82	85	56
57	18	34	54	94	15
13	25	57	61	78	25
72	7	69	41	74	18
93	91	38	58	22	18
7	53	24	87	48	78
35	95	14	8	10	50
6	57	67	4	19	74
24	72	48	27	91	84
59	38	63	45	2	21
80	58	19	96	40	56
60	68	23	88	55	67
58	93	35	97	95	64
11	69	14	5	41	76
68	96	33	81	13	3
28	46	14	96	98	44
51	36	70	96	24	77
73	53	86	81	9	15
68	30	57	34	85	65
40	92	41	3	41	61
3	86	7	64	6	86
8	79	67	95	73	20
53	36	52	24	77	38
97	13	25	60	78	77
28	5	23	81	57	85
100	98	37	14	52	30
18	5	14	24	5	98
11	44	91	21	55	56
9	32	2	2	85	7
39	33	77	98	6	56
17	40	58	61	83	44
59	42	13	23	17	59
73	8	77	97	67	44
91	4	28	70	21	27
40	58	11	93	19	32
44	5	46	78	56	58
63	69	61	88	83	73
49	20	74	69	22	47
18	73	79	19	95	63
24	56	8	60	50	60
62	35	82	21	91	14
61	68	86	87	76	15
47	5	13	56	74	32
13	24	42	96	13	27
5	69	14	82	66	5
85	28	84	42	31	50
59	69	79	43	15	34
49	91	26	45	15	36
94	59	92	78	2	75
70	68	13	71	84	46
1	71	34	55	5	98
97	22	85	99	45	23
90	39	32	99	43	9
48	25	57	48	100	35
36	72	10	48	2	31
11	77	50	34	48	21
35	62	8	90	98	66
2	95	50	31	57	12
52	28	49	22	27	4
69	62	78	18	49	33
9	85	81	60	60	60
88	40	16	31	72	16
83	15	53	58	24	69
60	47	31	13	51	9
37	75	72	33	73	26
54	40	44	23	3	63
65	93	6	3	45	52
30	16	80	19	8	53
13	80	11	75	78	10
59	21	89	67	29	71
91	23	70	90	96	60
41	58	4	12	50	82
49	72	83	33	45	63
88	94	81	24	27	44
13	100	41	46	28	32
77	11	86	55	83	15
60	57	67	59	53	47
10	82	11	64	25	82
36	1	85	85	100	54
82	72	31	79	96	28
59	2	8	71	65	17
11	79	38	54	84	9
36	69	3	64	77	70
36	75	40	12	10	13
1	18	15	54	85	94
78	69	7	83	59	19
74	14	79	13	38	35
33	43	16	99	91	59
87	48	29	64	29	93
52	5	83	20	80	22
67	64	54	65	18	46
93	19	13	55	37	83
97	32	76	94	1	57
69	94	93	97	41	16
100	45	21	45	32	9
55	70	86	97	6	98
44	63	60	81	61	81
100	10	12	29	75	92
84	42	99	3	46	66
68	15	95	71	43	87
71	67	68	69	50	31
19	35	35	92	72	8
38	60	6	60	96	16
43	77	1	12	30	2
35	63	67	75	77	11
32	39	85	82	22	35
91	91	25	15	38	74
55	79	65	93	94	35
91	37	85	27	13	42
78	100	54	4	82	14
45	94	52	53	96	59
8	33	24	89	65	65
38	80	78	54	34	85
95	87	64	15	99	34
75	59	85	89	69	53
13	95	47	89	28	80
33	14	58	64	49	35
8	96	20	53	87	61
33	92	25	30	32	23
67	66	1	8	79	25
86	4	28	68	73	72
85	22	70	56	73	88
14	67	97	39	3	15
58	30	33	21	83	36
61	32	90	34	29	58
12	90	74	50	9	83
61	80	70	61	70	22
16	5	41	85	32	30
20	42	10	43	2	51
82	56	83	92	33	28
72	81	45	2	52	25
100	70	29	57	89	40
81	53	57	69	70	81
42	28	76	6	75	17
96	11	31	44	69	96
97	62	70	5	7	74
88	34	71	45	68	67
27	92	11	36	97	70
66	3	48	94	67	45
36	20	80	93	6	24
90	16	77	19	33	89
77	36	20	85	18	53
17	97	64	62	19	88
93	6	46	87	64	89
79	41	9	66	61	34
75	26	48	82	6	90
52	9	95	74	69	12
69	40	14	75	60	89
82	38	92	98	51	44
92	11	33	51	82	43
68	54	68	49	85	5
6	35	21	64	92	90
61	6	63	94	85	57
100	82	59	29	61	42
31	72	40	71	87	25
90	88	90	97	40	66
39	72	45	93	98	87
83	28	70	100	95	63
59	72	59	2	2	50
9	76	59	76	8	80
1	78	53	67	38	13
17	1	28	26	15	97
100	48	94	47	61	20
95	56	5	80	53	3
30	50	98	17	84	94
32	28	81	50	57	2
56	12	80	87	82	48
6	70	31	16	49	69
57	78	15	81	22	17
67	60	39	26	66	2
26	13	31	87	94	41
93	89	76	25	72	24
23	41	22	94	18	74
8	12	90	64	20	61
64	7	15	83	80	28
72	77	14	40	82	62
58	40	7	17	24	13
92	70	93	66	21	16
31	97	13	68	67	51
73	49	57	22	89	17
8	87	60	46	9	72
47	14	37	56	29	38
82	82	53	58	72	9
67	100	79	49	60	53
58	92	50	21	36	81
81	7	75	67	34	71
44	13	34	81	32	78
89	21	29	24	34	81
25	51	68	100	63	23
78	10	63	78	72	39
47	1	27	57	25	78
14	24	22	37	65	66
90	10	86	75	79	91
6	40	49	77	15	61
12	32	42	48	9	80
67	91	90	22	79	53
98	45	52	90	66	55
14	52	89	84	45	4
11	20	32	44	40	64
18	9	92	86	27	49
86	14	42	26	92	68
1	95	83	78	94	84
4	78	60	22	58	87
38	73	23	72	28	14
7	80	45	3	82	59
81	58	92	91	73	74
52	14	55	88	50	66
71	98	29	1	96	14
49	6	29	32	71	80
53	84	57	32	81	8
17	16	76	30	7	55
3	23	7	9	3	5
24	21	45	73	62	31
30	29	28	39	94	80
85	51	71	6	84	92
93	58	68	24	63	91
83	63	37	67	3	54
19	91	89	16	64	34
63	44	70	28	60	45
55	82	42	71	26	17
28	87	98	38	94	84
30	37	42	76	10	29
57	15	19	43	27	97
27	17	2	88	13	36
5	57	20	83	4	69
65	48	44	100	9	5
3	51	46	89	73	23
67	7	80	99	69	10
65	11	13	66	56	37
26	93	98	20	14	6
32	22	83	81	39	70
67	96	49	22	14	38
75	42	31	51	8	90
64	74	77	24	17	93
93	33	57	78	62	95
54	55	95	3	46	32
66	55	95	73	17	51
42	85	3	100	90	29
22	44	94	28	36	23
15	55	60	94	36	8
23	69	100	94	54	29
84	61	73	18	7	8
1	24	60	30	80	98
93	47	84	83	13	18
65	48	70	60	98	92
22	9	95	3	50	28
69	9	92	11	74	54
52	52	36	18	45	44
48	76	50	32	97	23
61	59	29	71	9	17
19	75	81	10	46	73
16	58	82	28	9	61
80	24	22	80	19	16
90	1	30	92	37	40
95	69	5	56	93	90
58	46	39	83	97	7
94	7	94	62	39	19
81	72	79	1	49	34
80	40	64	33	10	54
70	77	37	13	58	48
18	87	15	32	83	63
100	99	10	13	54	61
41	60	57	39	23	67
61	32	23	2	75	26
49	99	83	37	53	95
83	2	83	41	57	60
85	8	51	51	83	1
68	98	18	19	72	99
49	60	46	6	59	96
2	67	54	83	54	57
36	44	6	74	56	90
32	85	7	1	39	85
26	47	43	21	33	59
29	77	61	22	30	58
59	76	44	31	88	66
53	48	96	20	54	3
50	88	100	64	40	82
84	37	72	8	76	79
91	62	37	30	86	66
27	41	16	7	46	71
39	25	26	70	83	72
55	19	70	75	79	84
91	21	72	42	18	75
40	77	18	83	65	22
86	100	39	35	84	61
46	32	87	58	85	34
16	25	76	53	28	73
82	20	69	59	73	37
59	31	2	23	46	11
67	79	37	17	48	38
27	98	74	90	97	1
25	18	94	73	35	46
98	47	16	64	9	21
42	39	38	4	4	54
37	40	46	99	21	16
28	26	34	3	90	45
59	4	32	45	100	2
74	43	64	16	77	62
11	12	38	62	21	12
33	55	16	15	87	21
40	52	42	59	89	90
73	39	19	10	36	57
4	95	65	4	22	52
37	32	64	64	72	89
94	82	86	50	15	80
2	71	12	15	94	45
92	79	25	53	73	71
92	87	70	43	45	77
29	86	97	52	58	47
15	1	46	91	99	93
78	31	26	44	24	31
66	61	47	5	96	20
4	65	57	91	98	32
12	39	85	51	44	28
32	34	11	66	64	15
62	59	76	40	27	31
37	18	27	83	45	50
65	73	55	38	74	6
1	31	8	77	91	1
75	57	36	35	5	41
34	60	65	58	82	34
73	82	93	35	87	79
79	37	67	63	95	69
88	96	3	90	61	46
3	28	64	72	84	78
99	3	27	29	17	40
99	36	88	76	23	37
5	3	17	77	86	48
3	28	50	57	69	30
20	55	76	79	10	62
30	46	26	79	97	42
51	59	53	30	30	94
87	82	7	35	15	82
79	2	16	6	93	89
8	57	51	37	100	33
12	31	73	84	63	33
35	54	72	34	18	24
94	5	54	91	35	61
29	97	94	78	67	87
50	97	96	96	92	7
20	86	54	44	44	31
72	32	95	64	89	100
27	86	21	33	15	3
79	6	55	20	77	75
98	59	94	92	51	43
57	38	44	51	38	91
6	63	64	69	52	16
23	42	10	45	77	66
57	6	22	21	89	16
91	7	2	56	94	69
44	95	86	5	87	54
44	19	24	27	82	56
66	88	70	59	62	75
60	46	31	92	52	86
74	87	51	59	42	7
27	52	55	14	64	95
70	62	45	83	72	20
72	87	78	26	74	82
42	97	87	93	84	35
91	28	35	46	54	68
2	63	59	20	5	33
76	39	48	46	56	97
96	48	72	57	43	21
76	15	80	9	28	11
58	64	51	36	87	79
2	52	80	17	57	85
42	29	60	10	100	81
49	100	63	49	82	3
33	63	50	99	13	39
3	60	38	62	69	21
99	40	87	35	76	48
94	79	64	84	22	31
30	8	51	56	80	91
10	89	82	71	25	36
92	17	76	87	15	86
52	41	96	68	80	100
41	8	98	69	93	15
7	30	31	9	65	73
99	26	91	60	26	3
33	31	28	61	74	63
90	67	82	20	26	35
86	63	6	9	32	45
58	52	83	89	99	67
94	33	49	38	92	56
14	3	100	48	52	51
68	59	73	49	2	46
16	90	10	100	20	30
70	100	15	69	93	19
24	6	9	47	23	99
86	74	6	8	22	24
92	40	57	88	27	1
70	33	58	100	31	31
58	8	29	45	61	22
9	10	7	84	21	99
57	97	61	62	47	16
99	44	83	4	77	69
82	52	53	31	4	50
73	41	75	88	59	14
27	48	19	47	68	88
49	25	81	58	51	29
44	11	53	22	8	3
45	53	31	19	42	53
12	47	3	20	7	41
45	46	28	95	29	76
32	71	38	6	3	29
79	5	26	78	71	39
77	56	8	66	9	68
29	59	90	95	17	68
74	45	36	73	32	46
58	1	9	56	54	26
45	71	21	23	26	74
48	4	69	42	32	45
86	2	30	71	77	7
76	29	34	2	96	24
50	95	36	41	44	66
79	33	3	58	55	45
43	75	79	55	13	24
18	89	21	65	87	12
72	5	37	21	32	95
50	92	60	93	56	45
82	34	14	99	89	66
8	24	12	67	27	38
6	99	96	71	16	37
22	36	28	35	43	40
97	28	49	77	28	27
68	5	87	76	92	21
90	58	19	65	5	3
76	56	3	34	49	12
69	29	79	27	77	60
21	39	83	87	66	52
84	64	13	70	85	51
50	58	88	52	19	83
17	34	92	58	71	98
69	44	67	58	100	62
59	96	34	62	88	10
11	76	11	100	94	27
65	31	74	99	91	3
36	64	46	40	17	90
31	56	50	48	19	47
75	10	73	1	21	37
35	1	46	90	56	52
48	39	28	9	53	28
9	89	21	30	5	19
44	57	85	88	80	52
90	40	88	46	72	39
15	76	39	79	90	58
58	73	71	10	71	92
63	13	35	5	37	84
22	45	71	91	42	26
54	76	4	42	45	55
63	98	33	88	40	69
98	1	16	77	84	60
16	68	79	59	94	74
24	45	51	93	32	11
21	72	45	36	6	77
41	54	64	79	87	12
36	57	57	43	8	4
14	63	76	31	2	75
65	38	100	9	59	52
19	30	58	82	77	79
50	88	75	8	6	9
70	12	100	13	12	74
57	63	19	65	9	58
24	2	78	60	74	6
44	40	30	31	30	98
33	8	20	30	50	41
37	89	71	68	90	26
97	56	79	39	97	31
34	100	27	41	38	85
8	79	94	48	56	7
98	37	76	69	68	67
100	73	77	65	44	49
86	28	52	93	92	70
99	67	88	19	67	53
52	37	94	28	7	81
16	80	86	8	53	70
61	48	100	53	33	57
86	87	34	68	76	44
75	24	35	40	91	47
42	68	50	23	72	28
97	47	67	12	82	97
46	56	65	17	75	5
21	15	36	99	75	7
8	13	18	70	26	13
65	2	81	41	87	82
33	15	20	56	78	92
82	54	79	59	33	58
34	45	87	1	51	60
26	61	62	30	5	70
28	4	64	62	41	38
95	87	93	93	92	20
23	98	65	16	19	7
92	23	45	17	40	71
60	90	8	2	15	78
9	80	43	55	45	12
90	44	73	61	53	46
14	58	75	68	19	74
79	20	20	74	54	35
1	55	7	19	68	25
63	19	81	43	92	23
64	89	14	37	96	21
72	59	92	46	82	22
27	49	92	4	34	39
5	78	40	99	13	12
99	7	69	30	84	58
3	16	67	46	32	97
61	84	86	82	4	48
81	58	34	55	18	42
69	90	51	1	21	88
27	53	70	38	68	64
39	88	4	8	9	64
90	93	48	18	75	16
19	17	32	78	53	75
61	57	61	64	99	25
27	8	15	99	3	63
86	81	47	48	83	86
62	80	72	93	100	85
52	15	61	25	71	68
36	55	92	84	79	16
71	60	88	24	23	75
23	91	40	2	25	12
85	5	23	93	11	97
58	96	41	24	42	99
93	49	70	7	47	94
98	26	18	62	77	80
90	56	91	48	68	1
14	42	69	69	14	5
56	18	85	97	3	32
50	23	2	27	7	99
85	21	16	94	99	29
91	61	99	31	45	73
32	60	59	18	26	55
40	82	49	51	64	77
57	6	80	13	71	3
35	3	28	46	1	81
78	50	37	70	78	39
46	1	68	82	95	4
23	82	9	44	43	30
97	11	28	8	39	52
85	15	87	65	45	87
77	33	59	55	51	22
93	56	91	36	59	37
12	97	20	97	68	71
94	46	46	80	79	10
93	64	60	26	65	1
99	80	7	42	16	97
27	86	91	51	5	87
92	4	2	36	30	56
29	6	79	76	98	92
12	7	13	82	6	85
70	17	94	73	88	24
31	59	98	72	79	94
64	54	8	35	45	17
72	71	42	73	92	79
98	58	26	63	20	96
59	53	86	7	45	18
72	13	53	16	86	5
40	50	65	80	96	21
16	59	50	86	97	43
22	98	17	51	34	52
59	17	76	32	63	35
67	53	20	67	33	9
89	44	85	4	37	4
89	73	43	74	49	88
72	37	2	19	77	68
67	20	57	8	63	4
63	31	83	22	84	43
89	2	100	57	45	93
76	1	4	60	53	7
21	90	88	66	12	6
18	93	65	35	81	5
6	7	32	45	85	14
33	63	61	76	38	15
45	38	10	15	7	19
65	70	52	50	31	92
94	73	61	89	51	97
17	67	32	29	98	44
14	21	1	24	55	21
65	58	9	33	89	62
70	65	21	46	37	41
68	47	19	33	36	43
53	10	8	45	14	6
95	85	54	60	56	67
8	60	37	50	76	57
73	95	4	15	94	87
89	11	54	81	85	78
29	86	61	11	62	60
46	65	31	93	28	18
80	1	49	34	5	63
19	90	13	97	19	78
97	82	49	90	11	26
56	30	11	63	5	89
5	40	63	25	60	22
64	80	78	78	54	54
9	55	17	8	76	92
9	53	27	87	12	17
27	24	67	90	98	52
61	79	88	98	51	53
12	73	15	37	79	6
22	86	69	84	99	1
73	53	80	53	53	32
32	93	71	16	92	2
49	97	78	32	95	16
18	38	73	81	90	92
5	49	19	95	60	90
3	3	35	76	93	2
1	57	11	11	72	53
73	26	55	83	40	94
39	96	28	64	75	52
13	41	67	25	71	78
98	57	47	68	5	33
76	15	65	13	36	76
7	97	6	9	87	92
94	73	35	62	89	13
38	89	62	78	30	17
23	52	79	31	67	70
60	68	39	28	78	84
30	15	63	39	40	60
56	21	42	34	67	19
84	3	89	7	57	52
84	13	73	41	78	5
31	48	53	67	77	65
67	11	37	35	48	9
64	9	59	8	50	14
84	94	58	9	56	28
48	14	33	21	46	91
22	69	49	92	69	2
45	27	57	21	60	59
73	59	58	35	50	69
71	44	85	33	37	48
17	22	75	21	45	25
95	29	37	26	74	55
81	62	95	55	43	60
20	59	43	19	65	99
28	90	28	80	90	2
84	19	30	95	57	51
52	48	11	67	55	8
31	43	8	74	87	21
42	4	31	51	7	48
91	44	43	60	27	59
77	59	30	24	2	99
33	24	99	2	81	49
19	100	41	91	44	47
28	41	36	5	41	4
94	67	72	78	47	19
32	3	18	58	2	18
82	69	63	46	35	23
27	31	90	42	27	30
14	18	93	51	5	54
2	54	32	19	78	9
69	35	30	30	4	97
56	36	1	95	47	87
92	57	100	21	91	17
39	9	42	100	72	25
10	77	21	21	77	43
94	23	41	17	16	92
56	12	95	68	100	5
51	40	96	64	48	9
15	11	75	9	35	18
79	5	37	92	26	42
44	85	52	71	10	25
19	66	91	82	19	6
100	31	72	18	66	13
6	96	8	41	70	12
57	48	54	48	71	2
32	24	10	68	17	73
61	1	40	87	37	87
12	81	55	81	83	61
17	43	68	1	15	70
31	30	74	97	72	45
90	17	42	64	72	99
73	70	83	98	11	50
9	1	96	51	71	93
90	3	68	69	73	26
95	34	10	27	43	2
55	35	25	86	9	97
6	19	82	88	42	49
88	100	14	14	97	55
53	30	82	29	38	26
98	11	98	27	92	66
24	82	83	31	40	78
9	92	61	53	31	18
82	58	34	29	21	30
16	74	56	89	50	72
69	30	24	19	31	40
80	96	5	95	43	34
58	84	63	95	15	24
71	32	17	89	71	45
71	18	34	3	48	99
82	61	75	28	10	31
92	90	53	34	64	71
39	93	43	22	29	37
45	25	39	35	79	11
91	63	30	52	66	43
44	47	88	98	45	85
84	86	61	19	34	66
12	70	22	33	11	40
18	59	49	5	6	37
33	7	32	25	17	2
53	57	57	70	18	34
41	70	17	18	46	55
52	39	90	65	81	36
67	22	91	89	80	34
40	91	71	96	46	76
85	66	66	10	87	56
54	26	5	51	42	73
9	27	49	28	57	7
47	32	17	60	28	73
87	38	21	28	96	84
69	18	79	55	67	30
83	98	27	33	7	87
1	98	71	61	69	90
56	80	51	11	3	26
52	84	37	75	46	52
58	87	98	26	55	40
88	58	46	52	3	28
21	93	35	95	27	57
14	77	76	28	79	9
2	60	15	41	96	33
97	53	36	67	70	14
57	39	58	39	49	2
88	25	71	9	18	70
10	73	46	40	62	54
94	88	89	8	54	69
50	34	49	36	48	77
17	1	76	59	35	52
24	73	90	84	10	40
42	31	94	14	97	19
99	89	18	67	12	72
54	20	12	65	21	97
40	72	49	4	66	71
32	84	37	8	12	23
28	25	74	42	96	64
7	56	12	45	90	36
65	97	12	91	20	91
4	61	15	43	48	87
25	73	16	80	8	71
15	97	9	7	66	70
39	48	20	99	5	5
34	84	38	6	26	6
11	36	38	51	84	86
22	92	18	2	39	23
5	86	53	40	7	74
95	31	44	87	58	73
53	63	68	41	85	17
98	38	13	38	92	70
37	96	65	1	46	3
84	70	88	77	32	93
62	26	46	86	60	15
54	3	38	64	59	69
7	55	22	30	43	67
22	94	7	36	42	14
25	25	8	28	15	65
86	59	2	67	64	71
95	35	99	8	25	78
75	9	5	89	2	50
49	86	79	45	69	64
53	85	20	73	54	92
3	60	73	17	2	75
97	24	95	45	58	39
19	58	64	99	42	40
82	9	29	67	65	21
100	48	77	74	29	78
57	17	31	89	35	52
33	5	96	48	82	56
62	51	96	64	37	34
60	7	66	55	53	59
86	31	72	43	86	26
88	47	86	31	34	90
75	60	89	24	35	38
86	99	18	49	55	15
84	61	42	39	15	93
53	55	36	26	69	59
19	96	75	33	72	34
67	96	35	36	2	49
73	96	44	75	46	8
72	99	44	65	100	32
68	81	33	49	43	31
92	33	67	21	25	91
53	47	68	40	86	28
16	47	60	67	51	25
91	4	69	62	17	66
100	15	55	23	69	60
82	72	85	17	42	96
36	71	38	16	2	20
13	37	71	92	7	45
68	91	86	72	96	93
49	25	86	14	8	21
90	12	97	89	97	66
42	21	58	67	33	47
90	27	71	22	29	92
90	80	71	85	43	50
81	98	12	89	66	84
51	96	15	40	22	44
98	28	66	1	68	36
24	91	78	80	25	38
67	72	97	41	68	98
14	86	34	89	53	55
81	81	67	62	50	30
94	67	53	36	61	88
31	48	11	93	12	90
98	50	23	42	34	95
74	54	71	92	80	91
35	16	79	58	31	39
73	81	85	12	4	3
41	84	62	16	38	66
97	67	71	41	78	92
89	75	98	17	40	37
78	46	92	21	30	97
40	50	31	94	23	48
95	26	35	10	26	14
73	99	47	16	9	14
64	86	78	87	86	6
87	13	64	3	3	46
92	69	53	39	84	38
46	96	25	9	33	74
78	80	18	84	83	55
63	77	85	48	83	41
25	34	19	65	80	18
85	47	67	89	92	4
36	82	59	67	31	12
32	32	34	6	42	48
51	36	2	68	70	77
6	11	6	5	50	29
66	44	97	5	81	17
19	1	16	2	91	79
22	69	19	38	55	81
94	5	2	3	9	51
43	23	81	79	17	10
60	7	19	27	4	71
42	76	46	23	67	51
77	66	48	93	78	81
15	76	2	89	4	95
83	8	59	5	28	38
45	99	76	52	17	27
30	95	92	21	43	92
63	97	81	24	2	52
35	73	15	3	44	46
89	66	59	9	29	21
43	63	48	27	13	95
61	49	39	6	95	31
84	25	63	73	50	1
42	21	46	92	94	67
53	98	65	90	44	37
10	58	20	35	71	91
16	58	31	60	5	65
54	88	14	93	95	4
56	76	18	85	100	73
74	60	20	6	39	60
6	54	21	100	13	31
91	12	83	71	11	73
43	21	82	81	6	75
85	64	35	14	36	7
21	23	99	4	34	32
41	70	83	31	37	51
96	23	81	65	31	32
9	97	23	48	97	40
76	70	75	50	34	65
30	39	100	58	18	51
3	17	39	4	94	50
48	41	34	5	17	89
1	36	64	20	59	5
23	6	16	61	24	65
71	91	87	47	37	54
57	34	41	62	14	53
80	83	35	99	3	3
54	47	50	13	93	22
37	85	61	64	27	23
87	93	36	32	49	93
15	75	57	53	75	30
65	74	27	33	17	83
59	41	73	77	80	12
86	60	19	71	58	63
58	57	100	77	95	76
74	19	69	65	77	36
42	63	99	8	9	45
17	84	82	45	15	74
1	96	16	31	13	26
99	23	53	51	96	67
35	5	91	26	10	28
28	3	80	42	3	64
8	25	56	33	13	77
52	4	63	99	33	37
67	63	87	58	91	64
31	28	79	65	62	76
80	52	32	84	26	29
53	12	77	37	17	30
71	64	67	53	32	39
73	29	69	83	60	63
26	4	48	18	26	66
24	93	24	92	27	26
61	99	94	94	24	78
23	32	8	62	84	80
34	25	86	23	89	60
49	4	34	52	18	24
1	79	72	47	40	25
76	88	65	23	43	66
2	56	27	48	13	4
42	93	60	90	15	22
95	97	58	75	11	76
74	62	48	82	63	78
41	24	62	100	23	26
55	36	9	93	53	34
84	5	67	51	20	18
18	16	52	81	33	36
74	42	96	91	41	6
60	48	4	30	17	83
3	11	12	70	22	36
62	66	100	60	19	45
41	100	11	34	9	5
53	20	80	41	80	50
10	10	4	76	36	9
41	32	6	73	79	1
67	39	51	49	86	15
78	3	61	78	26	48
14	45	62	49	8	94
18	33	57	77	9	82
16	71	64	65	58	23
98	58	91	13	92	88
69	79	90	58	60	90
90	64	44	56	75	55
80	5	42	39	73	26
100	14	40	31	66	49
77	59	67	21	61	81
3	26	9	87	79	39
35	38	21	94	40	9
91	45	6	71	60	52
47	85	60	18	71	19
13	68	10	48	16	48
83	22	50	50	35	59
83	13	85	70	31	73
70	100	14	63	60	45
50	7	92	91	94	30
48	89	71	27	5	90
14	91	59	63	35	29
78	61	86	40	35	79
84	11	69	80	61	86
48	45	97	50	90	12
37	100	82	26	24	37
60	3	79	44	58	27
95	93	67	32	79	15
82	76	30	80	16	59
74	34	2	60	10	11
24	4	78	15	3	88
50	17	89	36	65	34
25	65	68	57	41	62
82	45	25	42	50	5
28	20	65	48	27	68
60	71	19	42	33	13
75	19	71	62	100	47
29	30	96	51	92	7
13	48	55	51	95	25
46	71	93	28	56	58
24	62	2	16	3	18
78	27	49	61	100	17
84	72	88	95	92	97
81	28	95	47	59	64
48	5	88	27	34	32
53	75	90	96	77	62
29	6	67	11	34	74
24	46	40	84	60	13
10	11	48	75	35	5
64	16	68	83	43	6
48	76	84	34	87	45
44	14	37	100	14	5
39	22	26	94	51	31
87	11	50	3	8	19
2	78	20	99	74	93
70	96	78	29	76	71
61	43	29	98	60	10
71	83	56	58	95	70
95	74	83	7	71	43
76	72	88	55	60	80
74	16	95	53	59	6
52	22	55	69	79	32
77	83	57	52	69	15
95	48	33	41	100	75
51	84	21	84	87	80
100	13	4	78	9	79
36	2	91	42	62	30
23	58	96	45	60	22
34	11	74	66	64	81
42	76	53	57	18	46
56	17	58	24	64	83
46	89	53	17	61	98
96	73	64	67	81	93
41	86	44	90	85	43
5	92	87	87	74	40
71	73	4	34	92	4
99	1	3	51	26	19
88	35	62	68	60	15
64	4	11	35	25	68
35	55	57	9	44	26
23	63	10	91	88	34
29	66	29	83	84	15
77	42	26	15	34	76
5	72	22	66	48	95
15	7	20	8	26	19
8	44	51	90	68	31
3	8	4	35	17	87
51	40	80	95	8	11
19	84	26	74	95	92
92	41	99	89	28	61
25	91	68	95	47	90
36	67	77	75	59	61
34	73	70	31	74	8
48	76	56	68	2	10
64	61	98	58	3	75
55	10	65	30	50	55
18	31	24	90	29	47
4	6	95	67	1	3
43	64	58	53	71	8
25	90	25	8	64	59
94	46	17	84	38	50
4	23	27	58	9	97
92	78	43	50	88	6
80	35	29	90	89	68
6	81	37	11	35	8
66	28	63	5	92	83
26	40	7	58	81	58
16	99	41	89	2	64
49	91	8	16	94	74
26	22	21	31	17	63
86	2	17	96	20	42
74	21	5	19	63	25
2	71	73	88	8	53
93	27	65	37	15	27
73	23	15	96	44	38
43	23	55	27	10	44
28	9	87	16	74	33
4	66	23	96	73	45
57	40	90	100	32	66
33	42	68	16	20	34
6	61	1	53	48	9
25	82	44	47	1	99
94	49	49	10	28	26
49	88	8	82	93	2
45	85	43	12	73	1
35	2	6	87	83	58
46	66	88	99	1	100
84	98	81	11	82	43
69	45	12	8	41	9
47	44	90	66	62	12
35	52	15	61	7	33
33	70	15	52	89	33
14	98	47	25	9	4
95	70	61	83	86	26
38	74	97	65	35	43
48	70	73	7	78	38
82	92	21	4	47	87
45	57	2	55	6	45
1	4	26	88	40	4
62	17	49	29	93	80
100	25	92	38	79	17
32	10	63	93	86	22
87	45	63	31	15	86
33	13	56	20	22	85
89	65	15	59	41	53
26	77	90	81	16	6
79	65	86	95	97	25
44	63	2	23	49	96
54	31	79	97	82	71
3	52	86	34	12	24
53	30	78	19	71	47
19	89	14	79	99	69
66	53	30	58	9	97
31	25	31	100	38	36
48	15	32	24	12	46
67	95	91	99	82	94
75	9	78	10	14	18
35	63	49	69	23	4
37	94	55	8	15	61
43	27	63	60	6	48
31	47	69	69	6	97
32	42	78	1	80	4
34	51	31	44	10	85
53	93	26	41	97	11
63	54	1	18	7	87
40	78	4	68	97	73
31	22	38	58	61	87
60	17	96	42	59	58
6	14	4	54	80	28
72	2	100	85	64	98
49	61	36	55	31	96
31	44	79	14	15	44
23	25	85	47	93	91
36	54	27	63	61	90
61	67	90	89	51	16
20	78	64	76	15	48
98	71	24	48	65	86
87	70	95	98	53	61
17	40	2	39	55	26
61	77	84	7	51	91
33	32	68	3	85	35
46	94	21	16	98	99
71	70	80	74	59	98
6	18	46	70	28	73
37	67	81	72	63	33
65	37	9	90	18	5
14	38	97	46	65	22
67	63	77	18	65	65
25	59	36	73	67	55
32	42	85	52	47	40
10	63	42	34	82	62
43	56	50	62	5	11
18	93	31	80	60	23
77	41	84	42	52	46
47	50	83	40	94	6
60	25	53	34	29	98
32	56	3	79	36	92
63	97	25	88	96	84
50	91	1	17	56	11
40	7	37	54	55	58
8	10	21	69	46	22
66	62	31	30	20	24
82	9	4	95	71	73
57	77	44	28	17	47
46	22	85	6	32	85
12	14	64	97	73	11
55	31	90	5	51	45
53	19	90	6	66	67
70	20	65	74	91	100
41	48	31	12	7	20
67	90	37	57	67	2
44	79	26	80	18	35
5	48	64	76	24	47
94	86	56	13	68	4
75	60	44	41	25	31
58	50	52	61	30	30
6	92	100	67	27	66
57	76	67	42	37	98
68	62	87	18	18	25
42	43	61	60	33	59
55	99	95	38	65	31
47	47	69	36	82	6
5	91	18	29	74	47
90	79	1	3	4	10
33	15	53	45	19	53
84	73	86	32	13	4
15	87	40	1	41	17
51	61	69	50	38	56
18	70	37	59	75	38
77	96	93	13	25	6
61	37	33	84	42	56
95	35	46	100	34	13
42	88	54	56	54	93
14	89	89	33	9	53
32	8	7	92	99	46
33	34	29	1	8	4
7	1	2	11	3	62
8	44	22	80	39	12
94	43	11	43	30	14
59	95	24	5	80	51
57	59	64	9	7	30
56	53	24	79	15	30
22	68	75	54	54	14
96	37	70	25	12	44
90	15	71	60	40	62
14	15	76	32	4	85
83	89	44	33	64	48
9	76	80	83	3	65
24	24	20	57	12	22
5	80	98	63	94	20
53	87	95	16	74	25
36	90	13	55	17	83
8	80	72	63	17	61
61	64	18	54	98	93
9	14	11	61	36	29
82	54	4	86	97	4
55	80	51	58	82	32
42	50	9	84	68	65
15	36	96	12	64	15
39	26	63	53	64	17
19	39	85	94	81	72
82	73	68	45	45	90
86	37	77	73	96	17
27	47	4	4	10	38
17	43	42	15	17	18
45	42	53	53	52	76
3	83	18	72	29	17
10	98	36	23	1	2
51	10	74	21	47	81
32	21	21	51	90	53
54	35	33	91	71	100
85	30	12	85	43	94
15	10	31	16	28	98
37	92	80	93	5	21
12	14	26	29	29	68
65	34	98	96	82	50
12	57	44	38	72	7
36	43	97	79	25	22
55	90	75	75	4	93
82	76	45	26	34	84
29	90	54	4	17	28
68	10	70	87	42	14
29	57	75	43	50	6
36	28	83	27	96	54
35	52	49	87	68	9
95	22	99	87	43	18
58	88	84	24	75	61
9	12	32	50	42	36
67	56	96	64	78	17
53	49	69	13	66	33
78	99	72	31	34	23
81	7	38	67	22	88
2	84	70	14	44	87
61	78	12	7	23	70
74	59	10	83	18	69
86	78	6	70	71	57
12	20	54	74	85	28
46	55	78	77	100	50
72	25	86	36	10	17
30	100	92	67	100	56
51	30	54	98	99	57
71	78	21	27	21	46
90	84	36	18	15	23
78	5	74	86	5	53
75	61	100	5	60	81
93	7	44	94	49	87
93	11	26	18	100	12
59	92	59	37	16	19
39	40	24	80	95	65
17	73	13	62	68	90
50	37	94	81	50	57
27	20	66	47	36	52
26	39	28	94	18	6
34	18	56	3	71	41
90	72	87	89	99	78
86	32	79	6	78	70
91	12	23	17	4	68
26	42	43	17	52	30
7	78	42	67	39	39
52	28	64	62	40	29
48	96	81	7	100	55
100	28	78	74	40	22
15	1	87	62	19	24
81	54	67	12	64	51
81	2	33	91	31	68
99	20	74	75	48	64
15	87	19	38	32	47
27	87	67	100	68	39
82	59	2	29	86	94
82	46	79	43	59	37
1	64	71	45	87	92
20	91	61	43	13	97
6	28	87	67	90	90
59	78	80	100	36	45
88	84	98	28	44	88
76	37	81	37	84	4
64	79	79	44	32	79
12	67	18	64	68	7
30	51	100	99	4	91
42	97	6	41	40	14
89	59	92	25	5	22
18	35	15	87	67	33
78	57	62	60	43	35
72	100	53	52	19	93
67	78	83	74	42	24
84	66	87	65	13	17
53	2	54	42	95	62
77	78	57	41	31	85
10	40	58	29	96	28
23	90	36	40	67	72
24	43	22	14	52	73
84	19	83	41	62	70
71	25	32	85	75	93
100	62	26	74	48	49
3	88	79	9	26	90
2	2	95	13	48	7
46	41	48	26	37	92
75	40	67	13	86	82
29	98	19	57	44	90
55	57	59	28	24	86
34	86	19	32	94	56
94	16	62	65	9	28
11	12	30	50	7	76
2	84	31	6	73	47
27	70	46	76	66	9
32	55	41	43	42	71
50	10	96	66	73	64
22	25	24	25	11	61
95	78	63	71	58	74
9	31	6	24	17	44
87	78	94	2	79	5
59	1	65	70	90	82
53	85	85	86	35	32
13	46	79	87	42	83
47	27	32	70	41	42
20	55	37	15	9	50
22	97	57	29	71	25
73	84	20	81	93	33
62	45	31	98	30	69
44	39	3	62	21	33
69	49	46	31	39	26
52	36	100	4	73	41
54	3	71	61	55	59
50	92	76	2	61	75
31	62	76	19	59	49
13	20	28	2	90	50
41	94	22	97	72	2
73	23	59	13	59	10
31	49	32	33	66	38
90	7	23	42	67	22
87	34	71	67	83	39
44	73	48	6	52	94
52	22	44	73	34	61
48	77	96	8	42	53
59	11	59	33	72	79
2	98	70	85	48	69
69	56	51	87	13	44
64	37	94	54	1	16
84	68	23	77	64	79
68	96	88	29	74	14
10	25	50	98	65	38
58	27	67	71	89	45
95	15	6	91	53	52
89	67	84	9	59	90
96	93	58	95	80	13
72	2	12	30	95	92
69	86	32	55	62	43
39	81	41	1	96	84
92	55	13	36	36	13
66	95	70	90	10	68
71	96	24	58	10	54
7	58	45	1	98	64
63	78	6	85	65	23
71	49	60	100	97	61
17	1	85	68	58	62
57	37	93	43	29	3
69	58	56	50	35	80
37	47	68	3	28	37
90	81	98	70	87	65
94	85	73	61	100	36
57	60	52	70	42	11
9	13	43	40	12	37
28	85	85	11	21	54
66	55	50	10	29	21
76	42	40	77	49	78
66	16	54	27	80	88
42	12	97	3	69	4
37	20	88	24	63	45
76	13	20	53	59	31
20	84	11	100	68	76
4	17	70	62	39	25
46	29	38	98	62	97
73	13	70	52	66	2
89	32	48	78	89	66
56	79	66	40	23	35
89	72	49	68	90	4
14	91	28	43	43	23
78	92	20	91	17	11
84	16	97	44	91	88
92	32	63	9	100	49
95	97	7	13	92	11
15	47	30	12	72	14
28	86	24	69	23	88
50	92	49	23	33	68
91	99	14	8	37	60
31	44	39	36	47	90
83	92	11	65	76	1
75	68	43	82	62	21
25	25	30	23	95	73
66	18	47	8	75	24
22	27	51	77	20	41
18	18	50	97	52	21
85	73	100	3	29	26
40	62	94	87	33	78
1	25	79	87	36	84
62	93	41	54	70	70
51	70	53	47	15	31
1	97	21	84	70	52
14	88	100	83	44	50
12	94	59	53	3	75
100	97	88	17	30	78
5	25	37	63	27	30
86	60	98	65	13	96
90	95	25	7	21	81
66	50	52	94	51	91
33	36	96	38	55	31
67	59	38	57	93	73
16	55	1	50	57	64
63	69	5	91	9	31
53	98	56	57	93	13
60	94	46	44	51	4
54	61	52	32	44	94
23	91	91	1	26	49
12	17	77	93	93	70
77	21	92	77	48	59
97	87	90	86	26	29
46	81	46	84	69	2
12	51	84	39	61	32
40	3	33	8	98	64
57	12	91	80	87	54
32	90	41	31	24	80
11	90	36	51	64	19
71	62	65	49	21	47
4	79	95	52	30	81
95	48	93	11	45	43
21	87	11	3	30	77
82	5	71	37	99	1
5	24	49	85	98	79
76	54	24	77	16	24
34	33	65	81	61	5
23	53	17	95	27	38
3	84	17	91	59	64
73	92	9	84	70	61
45	51	44	49	65	4
13	7	54	43	8	46
43	93	58	6	63	18
45	46	81	38	28	10
56	85	51	48	68	18
97	51	84	87	81	67
45	55	98	95	11	34
58	93	32	46	30	83
48	40	79	19	89	2
80	61	27	50	47	83
39	61	57	16	92	95
66	11	34	88	62	1
4	55	29	3	91	3
75	23	62	22	54	1
82	96	13	28	86	57
40	99	83	99	28	34
13	5	16	59	23	48
28	2	1	15	23	35
77	75	32	86	78	74
31	38	23	58	76	40
43	9	34	50	42	36
33	67	21	63	40	59
63	66	15	96	99	26
70	79	76	7	92	45
39	19	93	14	31	51
71	13	73	27	27	76
87	21	60	51	84	93
90	40	61	12	19	78
13	86	4	72	99	84
31	95	90	83	72	85
9	3	60	26	43	98
53	23	9	63	89	96
37	52	18	52	85	70
87	63	86	34	90	58
88	27	25	37	70	36
81	64	59	90	38	18
51	10	43	91	72	72
52	1	1	97	52	76
94	11	39	19	77	78
26	66	15	28	88	57
13	5	39	60	21	86
31	72	53	55	29	72
28	66	56	65	5	10
93	74	49	17	76	39
86	50	29	55	81	41
28	99	47	97	95	3
86	55	71	64	88	78
83	40	14	85	63	1
25	7	78	49	86	47
12	36	58	11	86	20
56	7	85	74	29	69
62	75	67	14	62	100
50	13	13	22	3	96
50	94	12	34	4	75
95	100	23	16	74	78
92	68	55	91	31	100
53	53	73	4	8	80
36	4	31	79	94	22
83	26	43	15	85	73
64	98	93	76	17	2
95	42	72	89	36	60
41	82	91	33	85	53
41	57	32	25	45	25
48	88	61	61	24	27
36	66	14	7	73	58
58	44	4	56	5	20
57	44	67	64	14	79
89	12	41	51	81	10
98	38	33	100	44	27
3	36	16	63	68	79
2	88	89	63	9	71
99	13	28	79	12	81
32	67	5	18	99	11
78	10	32	63	25	44
80	61	2	92	59	2
35	27	87	5	80	61
5	5	3	21	61	77
8	42	41	17	86	35
55	9	59	87	38	61
48	5	79	22	23	4
81	80	55	6	51	62
31	20	72	58	24	50
11	49	95	74	21	70
80	50	63	16	71	76
29	3	95	33	52	77
9	7	51	62	91	80
8	46	37	31	39	95
98	58	86	44	43	58
30	53	16	52	28	80
99	87	29	22	53	26
45	32	79	24	43	71
44	15	24	54	63	36
14	96	25	50	38	63
76	32	94	15	32	42
59	55	66	67	56	65
8	47	10	94	36	65
21	79	71	85	76	93
18	52	86	3	45	29
82	18	13	3	86	20
21	18	85	6	57	7
14	31	57	23	13	70
76	96	92	12	5	68
30	69	45	54	27	56
56	65	74	27	84	68
56	65	55	38	49	12
34	19	5	28	35	3
9	93	74	66	17	26
62	65	77	88	78	61
62	47	31	12	12	57
69	3	96	82	77	39
48	98	53	41	52	81
55	52	69	5	15	55
88	93	11	28	91	91
98	70	17	38	14	6
26	97	34	23	99	3
89	98	87	3	77	63
62	39	11	97	83	34
61	77	79	39	5	24
34	27	59	58	49	55
86	64	28	25	96	59
44	93	27	82	46	42
66	53	17	97	81	17
6	75	45	65	17	4
81	17	25	85	64	34
85	15	50	96	69	60
63	51	42	94	21	95
75	81	4	27	7	88
42	10	88	88	17	24
14	66	25	15	24	6
97	17	5	62	17	31
10	37	2	66	35	98
75	29	49	54	25	63
76	71	50	2	36	89
24	89	19	68	20	55
37	50	14	31	77	55
65	36	67	69	68	58
55	64	25	57	37	36
73	12	20	32	69	21
27	27	73	25	46	10
19	94	8	96	88	91
20	53	3	89	21	31
70	13	30	1	79	3
78	78	21	33	73	19
33	43	52	11	88	43
34	15	77	14	76	70
32	90	100	68	97	79
22	3	58	61	53	10
1	60	61	58	33	20
23	63	66	19	48	65
33	70	35	80	58	69
74	57	13	77	84	87
65	36	15	6	91	1
1	82	69	28	54	78
95	100	56	37	61	17
68	34	7	96	69	84
80	87	90	87	72	41
21	16	94	38	96	4
3	71	10	27	35	69
11	64	83	89	83	73
18	22	32	79	1	65
5	49	4	32	40	27
9	70	13	18	31	31
58	71	76	33	68	46
63	74	4	89	19	23
30	13	61	66	91	88
78	2	54	29	93	12
67	50	85	44	27	48
90	55	7	4	21	13
35	7	51	40	82	47
44	1	82	44	100	26
17	62	65	29	96	29
2	66	67	80	55	18
48	96	82	96	88	12
72	29	76	2	25	9
85	19	74	52	73	28
48	91	33	52	78	85
55	13	68	77	2	12
18	46	79	89	34	15
73	96	100	16	76	49
75	26	5	100	89	92
27	52	45	13	33	69
5	45	65	75	95	30
77	17	48	43	67	72
4	38	74	36	75	40
26	82	84	77	31	26
65	69	26	100	74	62
62	53	14	86	65	15
3	45	83	10	92	70
3	99	35	98	94	31
84	87	13	6	61	100
80	69	58	67	74	69
74	70	8	87	53	80
85	3	28	92	70	75
19	21	97	73	31	52
15	29	50	54	90	69
66	36	93	76	21	20
90	45	43	68	58	44
77	43	86	14	28	90
48	79	62	66	48	37
95	14	75	30	20	85
62	43	17	10	68	20
74	33	98	17	100	57
95	71	11	58	13	4
93	32	51	58	60	15
58	65	42	96	82	38
55	13	15	79	18	40
62	45	48	89	92	93
11	84	100	12	100	97
4	20	43	15	62	46
61	32	13	38	86	94
90	72	61	54	50	13
34	50	83	78	44	25
39	87	39	7	98	6
51	84	82	53	15	98
53	97	53	3	1	65
76	32	59	97	63	2
14	35	91	22	7	20
34	10	68	29	82	44
35	80	89	31	37	99
90	47	69	21	87	63
11	42	89	13	6	81
54	9	68	54	52	38
21	44	88	83	66	88
55	24	41	14	36	24
30	23	60	74	45	68
88	18	44	86	48	68
59	74	50	97	74	27
95	42	78	13	16	87
18	89	29	17	24	60
71	87	78	72	52	68
60	89	39	66	40	35
27	24	92	92	19	40
84	50	78	49	27	79
62	96	57	95	66	48
42	47	20	2	32	74
85	1	29	20	91	98
44	16	19	11	88	57
55	67	72	31	54	40
45	39	51	33	32	76
44	35	69	66	98	69
60	43	18	89	44	85
3	34	32	21	93	84
57	21	36	26	80	14
97	21	48	97	28	45
87	6	59	95	38	82
32	87	29	60	92	94
48	30	12	35	75	30
29	1	32	71	97	16
25	30	92	50	99	87
56	18	14	86	81	7
55	22	88	92	22	56
24	45	21	12	58	60
12	7	58	65	72	85
56	84	26	59	43	72
3	61	62	13	25	52
59	93	50	87	56	40
80	82	9	18	18	12
82	87	31	55	19	2
59	31	22	41	36	9
84	68	61	8	39	6
88	100	17	9	83	36
30	83	41	91	95	41
28	69	19	61	59	46
57	87	96	78	68	3
39	43	41	93	79	52
42	12	88	48	35	61
42	76	92	73	53	25
38	65	100	25	54	19
97	98	34	7	84	48
1	59	7	47	49	56
60	89	17	86	44	74
60	29	1	30	50	82
89	9	63	80	27	97
58	62	44	68	89	2
20	69	46	15	52	62
20	54	7	16	100	68
60	45	83	71	67	58
88	98	35	18	23	32
68	32	24	71	83	78
33	71	48	91	94	46
53	64	45	28	48	19
46	47	9	70	22	99
94	44	13	74	50	21
7	98	26	62	30	44
46	70	11	33	3	38
85	71	80	56	53	37
73	48	59	47	40	34
41	10	17	19	40	57
55	42	96	60	58	5
36	86	17	86	30	41
93	18	22	63	69	22
100	58	36	52	53	15
86	82	9	1	15	39
99	36	52	16	6	47
41	35	77	64	57	82
76	76	13	94	68	49
23	29	74	53	84	9
75	6	73	20	54	76
75	79	18	41	10	78
24	99	36	91	56	30
11	34	80	24	29	70
48	30	76	14	70	37
44	100	36	66	72	56
87	75	33	25	79	9
58	22	83	35	59	97
41	67	70	25	86	36
56	27	64	55	5	68
74	82	44	94	83	12
92	31	50	80	29	22
98	36	15	89	52	14
33	27	64	90	66	17
72	36	25	11	40	97
40	52	17	15	80	68
5	95	45	47	93	91
83	50	26	34	31	96
60	45	64	64	19	50
40	38	79	32	12	94
64	84	2	93	99	13
68	16	49	18	80	19
81	97	76	18	66	14
31	55	62	37	46	38
21	84	80	62	79	40
67	42	17	61	36	81
31	59	32	58	59	91
42	4	49	57	25	61
51	95	92	38	93	27
64	27	38	28	84	41
58	17	7	76	83	76
58	56	96	38	15	33
51	58	75	82	100	44
33	83	76	14	41	81
57	32	97	61	64	4
89	87	36	51	22	11
58	38	53	64	67	97
81	69	66	48	93	95
36	39	58	70	87	39
64	63	86	78	9	12
22	23	7	24	49	31
26	88	11	97	65	47
66	68	9	61	56	79
62	74	1	75	55	93
58	83	90	30	7	68
79	89	61	93	72	96
95	16	10	100	90	16
36	85	20	96	43	8
75	41	67	75	75	66
95	35	83	90	35	66
44	25	88	83	95	49
20	2	52	69	14	40
5	38	13	47	17	23
15	6	47	54	50	24
56	44	5	38	76	84
41	67	71	57	66	95
33	55	57	58	4	33
57	11	82	8	51	17
27	95	35	25	93	82
52	29	60	92	2	21
25	47	87	82	60	96
80	75	24	47	8	16
46	76	12	21	47	56
89	54	67	97	11	47
42	1	16	95	17	36
34	94	78	12	52	80
96	53	54	1	55	20
3	22	53	65	12	88
69	95	38	27	31	40
6	80	16	98	24	83
85	31	68	74	85	68
19	21	81	89	92	81
18	75	45	86	55	85
8	31	57	34	7	15
88	99	81	38	91	26
40	77	9	28	85	88
9	90	91	19	79	73
63	21	78	41	88	4
94	21	77	7	43	64
13	24	36	27	27	69
50	75	60	48	49	67
25	81	21	95	71	85
9	56	80	92	95	87
58	65	64	78	86	70
16	23	42	47	33	28
27	93	12	32	70	64
6	46	28	12	95	54
18	52	62	22	45	62
50	38	60	73	17	53
66	77	92	91	72	74
72	55	49	52	42	66
66	76	87	43	17	30
52	41	21	37	24	67
42	19	32	85	68	42
87	85	8	80	88	36
49	35	41	65	50	83
64	55	84	14	97	31
23	6	49	66	87	85
86	92	65	62	99	94
91	87	39	100	8	7
55	93	47	21	8	76
83	12	62	77	73	90
29	17	33	20	17	29
81	13	18	29	89	95
68	51	47	50	32	5
90	44	91	53	12	68
8	74	2	39	15	76
68	98	91	15	25	43
7	87	87	7	77	11
60	24	21	60	68	66
6	20	53	29	80	97
65	83	31	94	62	16
86	9	23	98	2	2
71	1	96	31	32	97
78	54	47	1	28	27
18	27	69	87	14	3
75	97	3	42	20	79
54	9	54	8	72	3
64	8	9	7	42	66
52	79	46	90	30	46
51	72	66	66	31	84
22	76	94	94	100	32
12	41	78	76	9	37
84	31	47	17	8	22
3	22	95	97	95	40
38	15	32	52	15	41
98	72	99	24	43	65
41	10	58	63	79	73
56	18	50	92	49	30
75	42	50	46	37	10
76	74	3	55	22	100
74	90	97	82	42	55
67	52	23	41	17	45
39	93	31	22	19	84
88	42	75	100	73	30
70	42	51	100	18	26
5	74	69	9	36	92
26	38	47	78	14	35
26	5	20	5	35	36
10	34	4	4	89	5
29	82	3	48	95	21
47	26	12	80	6	16
76	31	14	59	30	11
22	61	67	67	87	88
31	20	87	29	13	12
57	51	19	81	61	46
8	55	37	35	16	66
68	85	94	25	37	12
45	74	10	26	41	99
28	72	63	92	70	79
40	23	86	25	81	83
84	98	29	12	44	43
63	98	6	30	94	20
55	29	22	6	32	45
82	27	3	34	95	16
56	90	3	1	48	22
13	82	16	94	66	51
80	64	23	27	30	21
84	8	21	72	54	66
3	79	92	59	9	88
10	64	97	61	25	53
62	40	22	4	19	85
46	67	19	43	64	84
81	62	13	53	48	88
30	68	74	62	100	21
91	58	55	57	51	51
20	71	96	89	29	88
83	83	82	9	7	67
86	55	3	10	18	38
3	6	11	2	34	84
63	67	14	5	26	50
27	35	26	6	63	36
98	61	95	28	51	54
21	59	61	64	74	15
58	76	63	48	8	14
76	54	80	56	5	91
47	80	47	64	18	46
54	19	7	3	67	38
25	87	86	65	65	38
15	40	42	59	2	50
87	21	96	30	42	26
22	100	41	60	100	31
80	86	96	1	13	72
7	22	9	97	7	91
49	16	66	25	58	41
56	47	67	37	8	69
90	81	31	72	49	16
20	19	26	79	13	51
38	53	49	42	26	77
41	58	19	84	5	74
75	26	17	10	97	86
40	72	55	47	27	17
94	77	72	42	4	35
66	41	49	65	43	10
58	56	60	21	89	74
46	41	25	85	68	53
92	2	90	66	56	17
19	72	43	69	64	84
79	29	27	11	84	28
44	29	63	30	89	62
61	28	60	77	29	94
16	37	15	99	95	62
75	48	97	92	70	86
87	5	67	28	96	24
28	99	74	67	98	99
29	40	50	60	20	78
11	12	67	7	97	67
19	64	28	78	72	56
79	67	7	46	42	92
54	94	74	72	45	81
37	69	3	29	88	76
73	53	2	97	42	93
3	59	51	52	40	6
64	71	3	5	37	86
64	54	44	99	100	90
6	68	66	30	71	91
4	3	47	43	38	20
94	92	95	65	23	34
70	61	78	61	55	58
57	40	67	17	28	87
96	19	59	14	3	65
55	6	10	89	24	22
25	47	55	50	24	58
1	67	76	37	53	30
70	58	60	49	62	30
43	1	22	3	66	10
51	94	1	26	70	56
79	1	14	56	1	11
14	76	45	3	72	3
93	10	53	33	14	50
20	62	87	14	76	73
100	73	68	22	98	84
6	4	63	63	21	6
11	25	15	33	62	55
1	37	52	58	98	67
57	72	23	90	43	52
56	32	13	87	5	94
68	33	29	73	100	80
3	96	10	28	52	89
99	98	67	20	32	80
28	55	67	77	89	12
41	29	82	6	93	46
19	49	43	54	66	66
24	56	93	38	64	62
86	25	56	32	54	25
92	49	14	74	4	13
77	30	24	59	75	93
35	11	18	57	14	86
19	68	74	71	65	59
99	65	61	7	22	16
63	66	88	29	10	99
74	94	72	12	16	87
92	68	49	11	73	86
95	60	56	40	78	36
42	78	45	20	2	39
95	38	7	38	44	45
47	64	76	90	67	51
19	9	73	28	46	31
3	49	77	60	81	32
13	100	95	77	21	80
97	21	87	96	84	9
57	58	34	77	23	63
45	24	62	32	94	88
89	91	77	65	79	5
4	22	69	77	6	2
9	99	21	1	5	5
41	1	59	12	77	89
37	31	41	3	15	42
1	100	5	85	70	44
59	6	62	98	51	94
13	35	78	35	75	11
75	65	73	70	46	35
69	29	44	53	80	2
79	55	16	50	54	58
16	99	35	80	29	76
100	31	1	80	33	89
15	56	23	65	48	57
75	89	72	11	99	27
99	34	48	60	32	89
2	53	78	22	50	98
10	95	57	7	78	56
44	92	43	21	59	96
16	51	17	11	68	16
22	43	90	44	85	88
39	2	25	62	52	82
23	30	81	26	76	51
18	22	90	83	86	27
60	81	8	67	100	48
63	88	14	60	60	84
38	74	25	20	99	74
14	30	15	6	47	40
77	26	91	57	55	49
9	77	97	74	72	84
8	51	94	73	72	22
9	40	62	74	5	81
59	68	5	32	40	71
30	93	80	73	59	4
65	58	26	38	45	13
78	95	15	59	65	81
30	72	49	41	60	38
38	66	13	39	97	48
6	85	23	74	2	34
17	19	73	21	95	86
85	27	61	45	18	34
76	60	34	87	73	21
84	14	95	68	48	74
85	40	43	48	95	66
13	27	72	16	86	36
8	58	56	97	4	83
28	32	47	26	99	85
23	83	96	43	49	76
59	46	53	97	4	86
74	22	44	95	32	19
80	5	93	79	58	9
39	57	2	61	6	61
12	25	100	89	15	28
49	74	68	99	15	77
39	55	48	41	92	97
5	53	3	71	16	7
21	94	71	98	33	84
40	93	100	31	39	2
100	29	3	35	45	36
42	96	91	21	9	32
43	23	5	73	33	18
69	5	7	2	50	13
18	29	6	33	91	85
45	42	1	89	48	31
2	4	39	18	46	52
47	72	25	22	56	48
25	65	23	92	78	100
24	64	82	51	54	84
83	80	96	37	57	79
62	93	50	56	65	21
39	18	74	11	49	63
64	10	80	43	28	73
5	11	53	5	95	70
75	54	43	61	50	32
67	55	49	21	27	68
37	14	25	34	68	45
26	93	38	43	9	84
55	97	41	21	41	65
69	50	81	68	92	84
56	71	78	76	75	47
35	12	92	44	69	58
63	30	55	95	27	17
81	72	56	74	86	34
22	36	48	56	44	31
88	56	2	97	87	83
17	68	40	95	89	98
100	17	56	8	44	86
46	97	30	27	42	87
17	5	17	14	64	56
77	47	77	52	36	54
57	61	68	15	95	67
65	77	61	58	90	51
90	72	79	8	4	81
12	97	18	35	46	19
23	70	62	93	19	89
11	21	52	1	64	12
25	85	77	33	82	96
41	28	41	57	55	50
72	9	68	68	47	44
89	40	2	90	73	76
87	83	90	35	79	87
39	63	2	68	33	21
14	3	93	79	69	90
98	52	62	11	91	100
86	32	64	16	3	4
96	46	21	54	31	91
9	94	90	20	30	46
71	47	44	4	99	99
26	42	47	6	67	35
10	15	36	82	77	24
26	25	61	75	30	8
60	22	87	59	70	41
72	97	27	87	17	28
26	24	10	67	92	76
32	10	29	64	8	57
53	6	68	67	4	91
11	88	79	68	11	63
31	18	46	27	85	47
7	95	19	32	6	56
90	51	98	91	31	37
87	97	76	68	37	40
81	1	55	52	63	94
94	32	41	34	87	18
76	72	2	14	5	27
17	46	50	13	68	2
65	56	100	63	90	73
23	78	39	14	69	14
87	81	12	56	79	99
90	60	26	42	10	18
11	79	23	4	43	53
91	62	62	87	31	52
20	78	27	31	18	30
9	12	16	95	9	98
61	34	72	21	78	15
53	72	37	14	71	23
96	81	25	91	96	2
25	97	35	31	26	91
77	45	68	81	75	20
17	93	88	64	10	75
10	57	97	52	62	46
92	99	90	46	71	82
33	28	25	92	87	39
35	22	52	77	70	92
80	54	29	20	32	12
4	15	39	70	3	11
65	2	15	81	34	48
39	71	25	14	84	77
18	14	17	74	57	66
69	31	85	43	87	88
6	1	98	55	69	13
35	66	48	36	70	6
6	25	88	23	71	96
35	54	30	92	60	88
32	79	38	51	88	11
27	4	44	27	4	68
32	58	30	75	49	100
87	98	30	82	50	67
73	45	91	61	45	53
35	57	59	34	14	53
9	4	21	49	8	1
33	63	89	7	31	100
43	40	94	48	61	61
47	6	53	17	60	71
29	20	78	10	69	83
1	77	29	80	89	31
98	51	10	88	29	38
29	13	87	88	58	87
23	85	20	50	32	76
39	2	66	54	25	17
2	74	42	70	61	50
50	49	56	20	60	13
100	63	5	68	98	75
83	87	63	95	64	24
84	84	35	36	13	14
63	79	7	61	78	86
72	4	30	19	91	9
19	52	83	93	51	76
56	93	58	89	32	71
54	16	7	19	19	40
24	70	95	79	45	70
77	65	94	45	44	18
25	9	24	77	63	89
92	39	52	25	77	49
92	62	19	59	84	33
51	28	17	65	99	11
39	38	55	70	72	9
52	49	15	41	14	48
58	82	11	22	99	68
15	64	22	6	17	90
22	73	57	51	35	76
8	95	83	67	5	55
3	85	2	58	18	42
4	35	14	94	69	47
36	48	8	46	74	40
98	77	62	76	17	22
37	68	84	89	2	5
43	31	47	25	78	91
71	79	27	24	45	16
21	25	93	11	9	34
41	23	81	63	91	77
91	95	71	45	32	20
49	49	62	17	39	54
51	18	37	66	61	99
31	3	19	38	88	97
81	85	91	37	39	88
66	23	13	21	64	36
6	81	80	77	19	41
5	57	17	18	100	91
81	16	92	43	79	78
12	26	34	84	62	96
3	56	55	73	4	98
2	40	13	19	29	68
86	64	27	36	50	75
3	5	31	89	22	55
9	21	80	13	57	7
54	84	48	63	36	77
87	69	27	53	25	64
82	97	92	95	70	58
3	65	30	80	88	38
44	43	64	45	11	60
54	88	11	47	87	96
24	4	35	100	96	77
19	51	77	84	64	57
94	14	79	87	84	24
87	71	71	13	33	6
10	11	80	44	99	47
87	56	55	55	28	35
17	62	39	51	63	79
10	37	12	99	57	24
7	15	7	13	68	1
51	98	68	91	11	92
17	22	13	6	16	71
57	28	15	56	67	36
11	4	2	29	17	19
3	46	36	72	40	40
22	43	3	77	32	55
87	36	37	68	14	59
58	80	54	81	44	25
98	75	94	18	86	33
70	70	98	76	72	86
40	82	99	84	42	25
56	14	32	80	9	32
44	55	48	46	67	29
29	87	80	36	91	7
80	52	19	55	62	6
61	1	83	20	96	43
78	54	68	27	25	86
71	67	97	44	32	17
16	3	57	85	70	53
61	38	17	26	30	20
3	90	59	99	54	97
36	85	35	88	73	70
92	81	73	99	63	58
31	44	23	90	55	92
34	32	37	20	9	2
4	42	62	67	59	2
62	43	16	12	12	25
62	41	100	95	38	62
17	22	28	16	69	5
95	58	90	9	85	16
100	8	3	58	100	52
40	98	39	18	44	75
8	79	64	82	94	65
82	29	10	4	37	70
6	88	22	64	89	27
41	94	30	33	37	38
75	12	67	64	95	16
40	46	11	1	60	38
37	45	53	78	26	87
14	87	14	88	56	30
98	77	32	32	29	22
85	38	55	75	37	59
55	5	92	89	31	32
10	30	46	40	39	8
61	2	92	40	50	11
18	61	4	29	7	90
7	46	76	68	90	69
48	25	67	100	24	35
74	52	80	8	70	55
94	82	19	100	23	22
86	41	10	69	87	90
13	57	31	50	53	100
58	95	87	24	99	75
90	33	77	91	14	58
68	24	25	61	97	69
52	99	92	2	37	42
23	93	40	33	59	81
46	95	36	67	14	50
4	49	55	47	88	19
1	27	7	30	46	88
30	73	62	66	64	11
87	77	25	79	72	36
35	79	32	58	25	86
86	69	49	53	76	74
46	53	53	38	70	20
75	52	42	42	89	69
16	75	10	80	4	99
71	8	99	54	43	88
19	97	35	42	33	56
18	80	11	56	75	12
85	13	92	98	38	85
72	84	26	20	84	80
50	48	40	91	45	80
2	35	16	46	51	86
16	6	49	98	25	26
59	46	4	47	39	25
78	50	33	52	68	68
67	62	23	47	94	48
21	82	64	14	82	88
4	70	27	10	87	16
82	27	31	77	64	96
5	13	47	15	96	55
89	75	75	1	43	17
32	50	31	9	2	97
98	72	55	65	25	2
23	23	62	70	87	69
87	36	58	71	19	41
71	25	31	63	92	44
23	19	32	17	97	43
95	26	86	34	86	51
20	51	68	80	12	16
57	17	74	42	38	91
74	54	61	88	57	32
29	27	91	63	65	22
34	24	79	97	2	34
61	7	22	63	93	10
75	77	53	43	57	92
55	32	46	76	68	52
58	88	2	87	14	86
69	59	47	82	78	96
55	12	60	52	13	10
100	39	20	22	67	84
73	65	45	17	6	54
37	70	65	52	45	94
7	62	74	1	45	91
12	9	35	97	65	90
73	39	4	63	42	25
13	60	75	41	38	18
82	62	80	95	14	67
55	51	69	100	7	36
10	46	25	52	74	39
14	36	76	35	33	38
27	18	88	88	10	20
37	19	78	57	64	79
92	6	55	91	8	91
40	71	10	2	21	79
66	49	29	53	49	88
50	58	39	43	61	41
63	40	74	96	65	64
18	99	69	59	21	12
39	87	56	26	90	3
2	3	75	85	16	23
57	11	82	1	35	46
19	24	17	84	17	1
9	68	4	44	31	60
94	53	27	97	7	77
69	13	2	39	48	91
40	79	16	10	10	70
62	71	84	56	2	84
100	22	69	80	43	78
47	4	10	88	53	37
88	88	12	18	57	36
13	52	61	63	7	2
61	73	21	47	51	42
78	26	81	31	78	91
79	73	60	5	65	73
25	23	14	80	74	66
97	9	72	70	61	34
55	54	72	60	63	12
88	24	68	55	74	87
49	56	54	71	98	14
4	4	35	13	65	63
5	24	45	91	37	11
65	91	58	49	41	17
97	99	70	83	36	24
69	43	30	8	70	87
23	56	29	65	41	98
83	97	25	81	40	23
29	29	38	64	7	26
65	50	52	23	21	18
90	13	81	39	54	99